Included_in_analysis,ID,avg_response_friend_approached,avg_response_stranger_approached,avg_response_friend_approaching,avg_response_stranger_approaching,Sex_1m_2f,Country,country_1in_2us,age,UCLA,loneliness_L1_H2,covid_loneliness,covid_loneliness_L1_H2,Avg_approached,Avg_Approaching,Avg_Friend,Avg_Stranger,average_response_time_total,Zavg_response_friend_approached,Zavg_response_stranger_approached,Zavg_response_friend_approaching,Zavg_response_stranger_approaching,Zavg_response_total,ucla_1_REV,ucla_2,ucla_3,ucla_4,ucla_5_REV,ucla_6_REV,ucla_7,ucla_8,ucla_9_REV,ucla_10_REV,ucla_11,ucla_12,ucla_13,ucla_14,ucla_15_REV,ucla_16_REV,ucla_17,ucla_18,ucla_19_REV,ucla_20_REV
1,1,2.41,1.94,1.17,1.27,2,1, ,27,51,2,3,1,2.17,1.22,1.79,1.61,1.70,-1.19,-0.33,-2.70,-1.00,-1.31,4,2,1,3,4,3,1,4,3,2,2,3,3,2,2,3,1,4,2,2
1,2,3.42,1.29,3.10,1.14,1,78,1,47,35,1,5,2,2.35,2.12,3.26,1.21,2.24,0.31,-1.06,0.00,-1.15,-0.47,1,2,1,2,2,2,4,1,1,1,1,1,1,1,3,3,1,2,2,3
1,3,3.44,3.10,3.40,3.25,1,187,2,67,35,1,3,1,3.27,3.33,3.42,3.18,3.30,0.35,0.97,0.43,1.21,0.74,2,1,1,1,2,2,1,3,2,2,1,2,3,2,1,2,3,2,1,1
1,4,3.61,2.98,3.59,3.04,2,37, ,29,35,1,3,1,3.29,3.31,3.60,3.01,3.30,0.60,0.83,0.69,0.97,0.77,1,3,2,2,1,1,3,2,1,2,2,2,2,2,1,2,2,2,1,1
1,5,4.00,1.30,3.61,0.93,1,78,1,50,24,1,3,1,2.65,2.27,3.80,1.12,2.46,1.18,-1.05,0.72,-1.38,-0.13,1,1,1,1,1,1,1,3,1,1,1,1,1,1,1,1,3,1,1,1
1,6,2.79,1.31,2.72,1.19,2,187,2,27,21,1,3,1,2.05,1.95,2.76,1.25,2.00,-0.62,-1.04,-0.53,-1.09,-0.82,1,1,1,1,1,1,1,1,2,1,1,1,1,1,1,1,1,1,1,1
1,7,3.38,0.90,3.71,1.53,2,187,2,48,36,1,4,2,2.14,2.62,3.55,1.22,2.38,0.26,-1.50,0.86,-0.71,-0.27,2,3,2,2,4,2,1,1,2,2,2,1,1,1,2,2,2,1,2,1
0,8,0.73,0.59,0.67,0.57,2,187,2,32,39,1,3,1,0.66,0.62,0.70,0.58,0.64,-3.70,-1.86,-3.39,-1.78,-2.68,2,2,2,2,1,2,2,2,2,2,2,2,2,2,2,2,3,2,1,2
1,9,3.46,2.90,3.29,2.50,1,187,2,28,46,2,4,2,3.18,2.90,3.38,2.70,3.04,0.38,0.75,0.27,0.37,0.44,2,4,2,2,2,2,2,2,2,2,2,2,2,2,3,2,4,3,2,2
1,10,2.87,0.65,1.99,0.79,2,31, ,41,29,1,4,2,1.76,1.39,2.43,0.72,1.57,-0.50,-1.78,-1.55,-1.54,-1.34,2,1,1,1,3,3,1,1,3,2,1,1,1,1,1,1,2,1,1,1
0,11,1.31,0.72,0.96,0.72,1,187,2,46,73,2,3,1,1.01,0.84,1.13,0.72,0.93,-2.83,-1.71,-2.99,-1.62,-2.29,2,4,4,4,3,3,4,4,4,3,4,4,4,4,3,4,4,4,3,4
1,12,3.16,2.79,2.98,2.21,1,187,2,49,67,2,3,1,2.98,2.60,3.07,2.50,2.79,-0.07,0.62,-0.16,0.05,0.11,3,3,4,3,3,3,4,4,3,3,3,4,4,4,3,3,3,4,3,3
1,13,3.42,3.46,3.59,3.41,2,187,2,24,34,1,4,2,3.44,3.50,3.51,3.44,3.47,0.32,1.38,0.69,1.39,0.94,1,3,2,2,1,1,2,2,1,1,3,2,2,2,2,1,2,2,1,1
1,14,2.88,2.63,2.84,2.71,2,187,2,31,58,2,3,1,2.76,2.78,2.86,2.67,2.77,-0.49,0.44,-0.36,0.61,0.05,3,3,3,3,3,3,3,3,4,3,3,3,3,3,2,2,4,3,2,2
1,15,2.80,2.04,2.87,1.48,2,187,2,46,54,2,3,1,2.42,2.18,2.84,1.76,2.30,-0.60,-0.21,-0.31,-0.77,-0.47,3,2,3,2,3,3,3,3,3,3,2,3,3,2,2,3,3,4,2,2
1,16,3.51,2.23,3.46,1.98,1,78,1,36,68,2,5,2,2.87,2.72,3.49,2.11,2.80,0.45,-0.01,0.51,-0.21,0.19,3,2,3,4,4,4,4,4,3,4,3,3,4,4,3,4,3,3,3,3
1,17,3.17,2.74,2.46,2.03,1,84, ,44,56,2,4,2,2.96,2.25,2.82,2.39,2.60,-0.06,0.57,-0.89,-0.15,-0.13,2,3,2,3,3,3,3,3,3,3,3,3,2,3,3,3,4,3,2,2
0,18,0.50,0.46,0.43,0.45,1,78,1,32,63,2,5,2,0.48,0.44,0.47,0.46,0.46,-4.04,-2.00,-3.73,-1.92,-2.92,4,4,4,4,1,2,4,4,2,4,3,3,4,4,4,3,1,4,2,2
1,19,3.15,1.31,2.70,0.54,2,187,2,41,41,1,2,1,2.23,1.62,2.93,0.93,1.93,-0.09,-1.04,-0.55,-1.82,-0.87,2,2,2,2,3,2,1,2,3,2,3,2,2,2,1,2,4,2,1,1
1,20,3.63,1.35,3.73,0.62,1,187,2,26,44,2,3,1,2.49,2.18,3.68,0.99,2.33,0.63,-1.00,0.89,-1.73,-0.30,2,2,2,2,3,2,1,3,3,2,3,3,2,2,1,2,4,3,1,1
1,21,2.79,1.64,3.20,1.55,2,187,2,39,64,2,4,2,2.22,2.38,3.00,1.60,2.30,-0.62,-0.67,0.15,-0.69,-0.46,2,3,4,4,3,3,4,3,2,3,3,3,4,4,3,3,4,3,3,3
1,22,3.62,0.92,2.82,0.83,1,187,2,45,71,2,5,2,2.27,1.83,3.22,0.88,2.05,0.61,-1.48,-0.38,-1.49,-0.69,3,3,3,4,3,4,4,4,4,4,4,4,4,4,3,3,3,4,3,3
1,23,3.55,2.97,3.87,2.74,2,78,1,41,32,1,2,1,3.26,3.31,3.71,2.86,3.28,0.51,0.83,1.09,0.64,0.77,1,2,3,3,1,1,1,2,1,1,2,2,2,2,1,1,2,2,1,1
1,24,3.77,2.99,3.89,3.33,1,187,2,44,24,1,3,1,3.38,3.61,3.83,3.16,3.50,0.84,0.85,1.12,1.30,1.03,1,1,1,1,1,2,1,1,1,1,1,1,1,2,1,1,3,1,1,1
1,25,3.50,2.83,3.30,2.43,1,187,2,42,41,1,4,2,3.17,2.86,3.40,2.63,3.02,0.44,0.67,0.28,0.30,0.42,2,2,2,3,3,3,1,2,3,2,1,1,3,2,1,2,4,2,1,1
1,26,3.30,2.22,3.23,2.32,2,187,2,59,45,2,2,1,2.76,2.78,3.27,2.27,2.77,0.13,-0.02,0.19,0.17,0.12,2,3,1,2,4,2,2,3,2,2,3,1,2,3,3,2,2,4,1,1
1,27,3.51,1.94,3.56,2.10,2,187,2,61,30,1,5,2,2.72,2.83,3.53,2.02,2.78,0.45,-0.34,0.65,-0.08,0.17,1,3,1,3,2,2,1,1,1,2,1,1,1,2,1,1,3,1,1,1
1,28,3.48,3.16,3.50,3.03,1,78,1,56,29,1,1,1,3.32,3.27,3.49,3.09,3.29,0.41,1.04,0.57,0.96,0.75,1,3,1,3,1,2,2,1,1,2,1,1,2,1,1,1,2,1,1,1
1,29,3.67,2.93,3.20,1.61,1,78,1,33,56,2,3,1,3.30,2.41,3.44,2.27,2.85,0.69,0.78,0.15,-0.62,0.25,2,2,4,2,1,3,2,4,2,3,1,3,4,3,4,3,4,3,3,3
1,30,3.25,2.90,2.82,2.41,1,187,2,47,22,1,3,1,3.08,2.62,3.04,2.66,2.85,0.06,0.75,-0.38,0.27,0.17,1,1,1,1,1,1,1,1,1,1,1,1,1,2,1,1,2,1,1,1
1,31,3.12,2.34,2.72,2.33,1,187,2,34,44,2,4,2,2.73,2.52,2.92,2.34,2.63,-0.14,0.12,-0.53,0.18,-0.09,2,2,2,1,2,3,3,3,1,3,3,2,2,1,2,2,4,1,3,2
1,32,3.90,2.65,3.75,2.93,1,187,2,41,55,2,5,2,3.27,3.34,3.83,2.79,3.31,1.03,0.46,0.92,0.85,0.82,2,3,2,3,3,3,3,2,2,2,4,2,4,3,3,3,4,3,2,2
1,33,3.28,2.72,3.20,2.74,1,187,2,33,38,1,3,1,3.00,2.97,3.24,2.73,2.98,0.10,0.54,0.15,0.63,0.36,1,2,1,2,1,2,1,3,2,2,2,2,3,3,1,2,3,3,1,1
1,34,3.22,2.97,3.28,2.99,1,78,1,35,30,1,4,2,3.10,3.14,3.25,2.98,3.12,0.02,0.83,0.26,0.92,0.51,1,2,2,2,1,1,2,2,2,1,1,1,1,2,1,1,2,2,2,1
1,35,4.00,1.06,4.00,0.68,1,164, ,34,33,1,3,1,2.53,2.34,4.00,0.87,2.44,1.18,-1.32,1.27,-1.66,-0.13,1,1,1,2,1,3,1,2,2,2,2,2,3,1,1,1,3,2,1,1
1,36,3.03,1.11,1.69,1.69,2,187,2,31,56,2,5,2,2.07,1.69,2.36,1.40,1.88,-0.27,-1.27,-1.97,-0.53,-1.01,3,3,3,3,2,1,3,4,2,3,3,4,3,4,2,2,4,3,1,3
1,37,2.97,1.93,3.12,2.46,1,187,2,44,68,2,3,1,2.45,2.79,3.05,2.19,2.62,-0.35,-0.35,0.03,0.33,-0.08,3,4,3,4,4,3,4,4,3,3,4,4,3,4,3,3,4,4,2,2
1,38,3.19,1.25,3.33,0.80,2,187,2,50,55,2,1,1,2.22,2.06,3.26,1.03,2.14,-0.02,-1.10,0.33,-1.53,-0.58,1,2,3,1,4,3,2,2,4,4,2,1,3,2,3,3,4,4,4,3
1,39,3.67,3.72,3.68,3.73,1,187,2,33,43,2,5,2,3.70,3.71,3.68,3.73,3.70,0.69,1.67,0.82,1.74,1.23,2,3,2,3,2,2,2,3,2,2,2,2,2,2,2,1,3,2,2,2
1,40,3.89,3.33,4.00,3.43,2,187,2,34,42,2,4,2,3.61,3.72,3.95,3.38,3.66,1.02,1.23,1.27,1.41,1.23,2,3,3,2,2,2,3,2,1,2,2,2,3,2,1,2,2,2,2,2
1,41,4.00,1.36,4.00,1.21,2,78,1,44,31,1,4,2,2.68,2.61,4.00,1.29,2.64,1.18,-0.98,1.27,-1.07,0.10,1,3,2,3,1,1,1,1,1,2,1,1,2,1,3,2,2,1,1,1
1,42,2.45,1.75,1.97,1.71,2,187,2,39,49,2,3,1,2.10,1.84,2.21,1.73,1.97,-1.13,-0.55,-1.58,-0.51,-0.94,2,3,2,2,2,3,2,4,1,3,2,3,2,2,3,4,2,2,3,2
1,43,3.29,2.39,2.94,1.93,2,187,2,61,26,1,3,1,2.84,2.43,3.11,2.16,2.64,0.12,0.17,-0.22,-0.26,-0.05,1,2,1,2,1,1,1,1,2,1,2,1,1,2,1,1,2,1,1,1
1,44,2.99,1.56,2.91,1.24,2,187,2,68,31,1,4,2,2.28,2.08,2.95,1.40,2.18,-0.33,-0.76,-0.26,-1.04,-0.59,2,3,1,2,1,1,1,2,2,1,2,1,1,2,1,2,3,1,1,1
1,45,3.49,2.39,3.23,2.06,2,187,2,60,37,1,4,2,2.94,2.65,3.36,2.23,2.79,0.42,0.17,0.19,-0.12,0.17,2,3,2,2,1,2,1,2,2,2,2,1,2,2,2,2,3,2,1,1
1,46,3.66,2.31,3.49,1.87,2,187,2,33,46,2,3,1,2.98,2.68,3.57,2.09,2.83,0.67,0.08,0.55,-0.34,0.24,2,2,2,2,3,2,2,3,2,3,2,2,3,2,2,3,2,3,2,2
1,47,3.27,2.02,3.43,2.26,2,187,2,52,42,2,2,1,2.64,2.85,3.35,2.14,2.75,0.09,-0.24,0.47,0.11,0.11,1,2,2,3,2,2,2,3,1,2,3,3,3,3,1,1,3,3,1,1
1,48,3.38,2.57,3.12,2.54,1,187,2,68,56,2,4,2,2.98,2.83,3.25,2.56,2.90,0.26,0.38,0.04,0.42,0.27,2,4,3,3,3,3,3,3,3,3,3,2,3,3,3,3,2,3,2,2
1,49,3.30,2.71,3.31,2.67,1,187,2,42,49,2,4,2,3.01,2.99,3.31,2.69,3.00,0.14,0.54,0.30,0.56,0.38,2,3,2,2,2,2,4,4,2,2,4,2,3,2,1,3,2,4,1,2
1,50,3.31,2.71,3.47,2.68,1,187,2,42,44,2,3,1,3.01,3.08,3.39,2.70,3.04,0.15,0.53,0.53,0.57,0.45,2,2,2,2,2,2,2,3,2,3,3,2,3,2,2,2,2,3,1,2
1,51,3.23,2.51,3.10,2.45,2,187,2,42,43,2,3,1,2.87,2.78,3.17,2.48,2.82,0.03,0.31,0.01,0.32,0.17,2,1,2,1,2,3,2,3,3,2,1,3,4,1,2,2,2,3,2,2
0,52,0.80,0.63,0.93,0.57,2,187,2,41,55,2,5,2,0.72,0.75,0.86,0.60,0.73,-3.59,-1.80,-3.03,-1.78,-2.55,2,4,3,4,3,2,3,3,2,2,2,3,3,4,2,2,4,3,2,2
1,53,2.88,1.62,1.11,1.27,2,78,1,31,53,2,4,2,2.25,1.19,1.99,1.44,1.72,-0.49,-0.69,-2.79,-1.01,-1.24,2,4,4,4,4,1,1,4,1,4,3,2,2,3,3,4,3,2,1,1
1,54,2.84,1.79,2.94,1.37,2,78,1,57,57,2,3,1,2.32,2.16,2.89,1.58,2.24,-0.55,-0.50,-0.21,-0.89,-0.54,2,3,3,4,2,2,2,3,3,2,3,3,4,3,3,3,4,4,2,2
1,55,3.33,2.72,3.35,2.80,1,78,1,52,63,2,4,2,3.02,3.07,3.34,2.76,3.05,0.17,0.54,0.36,0.70,0.44,3,4,3,3,3,3,3,4,3,3,4,4,4,4,3,2,3,3,2,2
1,56,2.70,2.09,2.79,2.27,2,187,2,60,71,2,1,1,2.40,2.53,2.75,2.18,2.46,-0.76,-0.16,-0.43,0.11,-0.31,3,4,2,4,3,3,4,4,4,3,4,4,4,4,3,4,4,4,3,3
1,57,3.72,3.04,3.55,3.07,2,187,2,58,44,2,3,1,3.38,3.31,3.63,3.06,3.34,0.76,0.91,0.63,1.01,0.83,2,3,2,2,2,3,2,3,2,2,2,2,2,2,3,2,1,3,2,2
1,58,1.26,1.33,1.53,1.52,1,187,2,36,27,1,3,1,1.30,1.53,1.39,1.43,1.41,-2.91,-1.01,-2.19,-0.72,-1.71,1,1,1,2,1,1,1,2,1,1,2,2,2,2,1,1,2,1,1,1
1,59,3.46,2.70,3.67,2.81,2,187,2,32,25,1,3,1,3.08,3.24,3.57,2.75,3.16,0.38,0.52,0.81,0.71,0.60,2,2,1,1,1,1,1,1,2,1,2,1,1,1,1,1,2,1,1,1
1,60,3.22,1.47,3.28,1.37,1,187,2,33,37,1,2,1,2.34,2.33,3.25,1.42,2.34,0.01,-0.86,0.27,-0.89,-0.37,2,2,3,3,1,1,2,1,1,1,2,2,3,1,2,2,1,3,2,2
1,61,3.14,1.72,3.18,1.87,2,187,2,52,68,2,5,2,2.43,2.53,3.16,1.79,2.48,-0.11,-0.58,0.13,-0.33,-0.23,3,4,4,4,3,3,4,3,2,3,4,4,4,4,3,3,3,4,3,3
1,62,3.46,2.53,3.14,1.72,1,187,2,29,40,1,4,2,3.00,2.43,3.30,2.13,2.71,0.37,0.34,0.07,-0.50,0.07,2,2,2,2,2,1,2,2,2,2,2,2,2,3,2,2,2,2,2,2
1,63,3.73,2.83,3.35,2.86,2,187,2,63,41,1,4,2,3.28,3.10,3.54,2.84,3.19,0.77,0.67,0.36,0.77,0.64,1,2,3,3,2,2,2,3,1,1,3,3,3,2,1,2,3,2,1,1
1,64,3.51,3.20,3.60,3.17,2,187,2,59,31,1,3,1,3.36,3.38,3.56,3.18,3.37,0.46,1.09,0.70,1.11,0.84,1,2,1,2,1,1,1,2,2,1,3,3,3,1,1,1,2,1,1,1
1,65,2.99,1.70,3.06,1.58,1,172, ,53,36,1,3,1,2.35,2.32,3.03,1.64,2.33,-0.33,-0.60,-0.05,-0.66,-0.41,2,2,1,2,3,2,2,2,2,2,1,2,1,2,1,2,2,2,2,1
1,66,4.00,4.00,3.32,2.29,2,78,1,31,53,2,4,2,4.00,2.81,3.66,3.15,3.40,1.18,1.99,0.32,0.14,0.91,2,3,4,3,2,2,4,3,3,2,4,4,2,3,1,1,3,4,2,1
1,67,3.52,1.73,3.34,1.75,1,78,1,53,48,2,2,1,2.63,2.55,3.43,1.74,2.59,0.46,-0.57,0.34,-0.47,-0.06,2,3,3,2,3,2,2,3,1,3,3,3,1,2,3,2,1,3,3,3
1,68,3.70,3.34,3.75,3.51,1,78,1,42,48,2,3,1,3.52,3.63,3.73,3.43,3.58,0.73,1.24,0.92,1.50,1.10,2,4,2,3,2,3,1,2,1,2,2,2,3,4,4,3,3,3,1,1
1,69,4.00,4.00,4.00,4.00,1,187,2,29,36,1,4,2,4.00,4.00,4.00,4.00,4.00,1.18,1.99,1.27,2.05,1.62,2,2,2,2,2,2,2,3,2,2,1,1,2,2,1,2,2,2,1,1
1,70,3.12,2.43,3.20,1.23,2,187,2,28,46,2,5,2,2.78,2.22,3.16,1.83,2.50,-0.13,0.22,0.15,-1.05,-0.20,2,2,2,3,3,2,2,3,1,2,4,2,3,2,1,3,2,3,2,2
1,71,2.94,1.14,2.53,2.43,2,187,2,29,32,1,3,1,2.04,2.48,2.74,1.79,2.26,-0.40,-1.23,-0.79,0.29,-0.53,2,2,2,1,2,1,1,2,2,1,2,1,2,1,2,1,2,2,1,2
1,72,3.11,1.87,3.09,1.54,1,187,2,40,42,2,4,2,2.49,2.32,3.10,1.71,2.40,-0.15,-0.41,-0.01,-0.70,-0.32,2,2,2,2,2,3,2,2,1,2,2,2,2,2,2,3,2,3,2,2
1,73,2.28,2.03,1.65,1.70,1,187,2,27,43,2,4,2,2.16,1.68,1.97,1.87,1.92,-1.38,-0.23,-2.02,-0.52,-1.04,2,3,4,3,2,1,2,1,2,1,2,2,3,2,3,2,2,1,2,3
1,74,3.74,3.41,3.76,3.34,1,187,2,32,48,2,4,2,3.58,3.55,3.75,3.38,3.56,0.79,1.32,0.93,1.31,1.09,2,4,1,3,4,3,1,2,2,2,4,1,2,3,3,2,3,4,1,1
1,75,4.00,1.88,2.77,3.47,2,187,2,37,69,2,5,2,2.94,3.12,3.39,2.67,3.03,1.18,-0.40,-0.45,1.45,0.44,3,3,3,4,4,3,4,4,3,2,4,3,4,4,3,4,4,4,3,3
1,76,3.84,3.11,3.59,3.28,2,187,2,39,33,1,4,2,3.48,3.44,3.72,3.20,3.46,0.94,0.99,0.69,1.24,0.97,1,2,1,3,2,2,1,1,2,2,1,1,1,3,2,1,4,1,1,1
1,77,3.26,2.57,3.04,2.14,2,187,2,32,43,2,4,2,2.91,2.59,3.15,2.36,2.75,0.07,0.37,-0.08,-0.03,0.09,1,2,2,2,2,2,3,2,2,2,3,2,2,3,2,2,4,3,1,1
1,78,3.52,3.37,3.48,3.27,1,187,2,45,24,1,3,1,3.45,3.38,3.50,3.32,3.41,0.46,1.28,0.54,1.23,0.88,1,1,1,1,3,1,1,2,1,1,1,1,1,1,1,1,2,1,1,1
1,79,3.81,2.51,3.44,2.92,2,78,1,32,26,1,4,2,3.16,3.18,3.63,2.72,3.17,0.90,0.31,0.48,0.84,0.63,1,1,1,2,1,2,1,1,1,1,1,1,1,1,1,1,3,2,1,2
1,80,3.70,3.15,2.96,2.18,2,187,2,39,30,1,4,2,3.42,2.57,3.33,2.66,3.00,0.73,1.03,-0.19,0.01,0.39,2,4,1,2,1,1,1,1,2,1,2,1,1,1,1,1,3,2,1,1
1,81,3.66,2.38,3.31,2.41,2,187,2,59,38,1,2,1,3.02,2.86,3.49,2.40,2.94,0.68,0.16,0.30,0.27,0.35,2,2,3,1,1,2,2,3,1,2,1,1,3,3,2,1,2,3,1,2
1,82,3.36,2.33,3.37,2.28,1,173, ,42,41,1,4,2,2.85,2.82,3.36,2.30,2.83,0.23,0.11,0.38,0.12,0.21,2,2,3,2,2,2,2,2,2,2,2,1,2,1,2,2,4,2,2,2
1,83,3.47,2.84,3.64,2.89,1,187,2,55,28,1,3,1,3.16,3.27,3.56,2.87,3.21,0.39,0.68,0.76,0.81,0.66,2,1,1,2,2,2,1,2,1,1,1,1,2,1,1,1,3,1,1,1
1,84,3.55,1.72,3.43,1.82,1,187,2,35,68,2,3,1,2.64,2.62,3.49,1.77,2.63,0.51,-0.58,0.47,-0.39,0.00,3,3,3,4,3,3,4,4,3,3,3,4,4,4,3,3,4,4,3,3
1,85,2.00,0.39,2.00,0.61,2,187,2,45,27,1,3,1,1.19,1.31,2.00,0.50,1.25,-1.81,-2.07,-1.53,-1.74,-1.79,1,2,2,1,2,3,2,2,1,1,1,1,1,1,1,1,1,1,1,1
1,86,3.54,2.85,3.53,2.73,1,187,2,58,28,1,3,1,3.20,3.13,3.54,2.79,3.16,0.49,0.69,0.61,0.63,0.61,2,2,1,2,2,2,1,1,1,2,1,1,1,1,2,2,1,1,1,1
1,87,3.04,1.90,3.03,2.04,1,187,2,39,67,2,3,1,2.47,2.54,3.04,1.97,2.50,-0.25,-0.38,-0.09,-0.14,-0.22,3,3,3,3,4,3,3,4,4,3,3,3,4,3,4,4,4,3,3,3
1,88,3.50,3.01,3.56,2.97,2,187,2,54,40,1,4,2,3.26,3.27,3.53,2.99,3.26,0.43,0.87,0.65,0.90,0.71,1,4,3,3,2,1,2,3,1,2,1,2,2,3,1,2,3,2,1,1
1,89,3.24,3.03,3.22,2.88,2,187,2,43,56,2,5,2,3.14,3.05,3.23,2.96,3.09,0.05,0.90,0.18,0.80,0.48,2,3,2,4,2,3,3,4,2,3,3,4,4,4,2,3,2,3,1,2
1,90,3.14,0.51,2.77,0.60,1,78,1,39,24,1,2,1,1.83,1.69,2.96,0.56,1.76,-0.10,-1.94,-0.45,-1.75,-1.06,2,1,1,2,1,1,1,2,1,1,1,1,1,1,1,1,2,1,1,1
1,91,2.88,1.60,3.13,1.46,2,187,2,40,37,1,1,1,2.24,2.29,3.00,1.53,2.27,-0.49,-0.71,0.05,-0.79,-0.49,2,2,1,2,4,2,2,4,2,1,3,1,1,1,1,1,3,1,2,1
1,92,3.66,3.30,3.75,3.16,1,187,2,48,56,2,4,2,3.48,3.46,3.71,3.23,3.47,0.68,1.20,0.92,1.11,0.98,2,4,3,4,2,2,3,3,2,2,3,2,3,3,3,2,4,3,3,3
1,93,3.28,2.61,3.48,3.01,1,187,2,41,31,1,3,1,2.94,3.24,3.38,2.81,3.09,0.10,0.42,0.53,0.94,0.50,2,1,1,2,1,2,2,2,1,2,1,2,2,2,1,1,2,2,1,1
1,94,3.50,3.19,3.38,2.85,2,187,2,53,49,2,4,2,3.35,3.12,3.44,3.02,3.23,0.43,1.08,0.41,0.76,0.67,2,3,3,3,3,3,3,4,1,2,2,3,2,3,2,2,1,3,2,2
1,95,3.71,2.93,3.51,3.14,2,187,2,35,43,2,3,1,3.32,3.33,3.61,3.03,3.32,0.75,0.78,0.58,1.09,0.80,2,2,2,2,2,2,2,2,3,2,2,2,3,2,2,2,3,2,2,2
1,96,3.30,2.60,2.98,2.20,2,187,2,71,31,1,3,1,2.95,2.59,3.14,2.40,2.77,0.13,0.41,-0.16,0.03,0.10,2,2,1,1,3,1,1,1,1,1,2,1,2,2,1,1,4,2,1,1
1,97,3.44,2.92,3.36,2.49,1,187,2,44,51,2,3,1,3.18,2.92,3.40,2.70,3.05,0.35,0.77,0.37,0.36,0.46,3,2,3,2,3,3,3,3,3,2,2,2,3,2,2,3,3,3,2,2
1,98,3.36,1.46,3.39,1.79,2,78,1,29,32,1,2,1,2.41,2.59,3.37,1.63,2.50,0.23,-0.87,0.41,-0.42,-0.16,2,2,2,1,2,2,1,1,2,2,1,1,3,1,2,1,1,1,2,2
1,99,3.31,1.88,2.72,1.63,1,187,2,65,48,2,3,1,2.60,2.18,3.02,1.76,2.39,0.15,-0.40,-0.52,-0.60,-0.34,2,3,2,2,3,2,2,3,2,2,2,3,3,2,3,2,3,3,2,2
1,100,3.15,1.41,2.92,1.17,1,187,2,38,36,1,4,2,2.28,2.05,3.04,1.29,2.16,-0.08,-0.93,-0.24,-1.11,-0.59,2,3,2,2,1,2,2,2,2,2,2,2,2,2,1,1,1,3,1,1
0,101,1.20,0.54,0.77,0.53,1,187,2,56,23,1,3,1,0.87,0.65,0.98,0.54,0.76,-2.99,-1.90,-3.26,-1.83,-2.50,1,1,1,2,1,1,1,2,1,1,1,1,1,1,1,1,2,1,1,1
1,102,3.16,1.75,3.60,2.31,1,187,2,34,39,1,3,1,2.46,2.95,3.38,2.03,2.70,-0.07,-0.55,0.70,0.16,0.06,2,2,2,2,2,2,2,1,1,2,2,2,3,2,2,3,1,2,2,2
1,103,3.48,3.27,3.31,2.97,2,187,2,46,33,1,4,2,3.37,3.14,3.40,3.12,3.26,0.40,1.16,0.30,0.89,0.69,2,2,1,1,2,2,1,1,3,1,2,1,2,2,1,1,4,2,1,1
1,104,3.29,1.81,3.32,1.91,2,187,2,54,34,1,3,1,2.55,2.61,3.30,1.86,2.58,0.12,-0.47,0.31,-0.29,-0.08,2,2,2,2,2,2,1,1,2,2,2,2,2,2,1,1,2,2,1,1
1,105,3.70,3.01,3.20,2.41,2,187,2,39,44,2,5,2,3.35,2.81,3.45,2.71,3.08,0.74,0.87,0.15,0.27,0.51,2,4,2,3,2,2,3,2,2,2,2,3,2,3,2,2,2,2,1,1
1,106,1.38,1.24,2.14,2.26,1,78,1,40,45,2,2,1,1.31,2.20,1.76,1.75,1.76,-2.73,-1.12,-1.34,0.10,-1.27,3,2,3,2,1,2,4,3,2,1,3,2,2,2,3,2,2,1,3,2
1,107,3.21,1.55,2.97,1.67,1,187,2,55,47,2,5,2,2.38,2.32,3.09,1.61,2.35,0.00,-0.77,-0.17,-0.56,-0.38,2,3,2,3,3,3,3,2,2,2,1,3,3,3,2,2,2,2,2,2
1,108,3.28,3.06,3.24,3.13,1,187,2,62,34,1,4,2,3.17,3.19,3.26,3.10,3.18,0.11,0.93,0.20,1.07,0.58,1,3,2,1,2,2,2,2,2,2,2,1,2,3,1,2,1,1,1,1
1,109,3.34,2.89,2.81,2.25,1,187,2,44,66,2,4,2,3.12,2.53,3.08,2.57,2.82,0.20,0.74,-0.40,0.09,0.16,2,4,4,3,4,4,3,4,3,3,3,4,4,4,3,3,2,3,3,3
1,110,3.16,1.88,2.26,1.58,1,78,1,35,31,1,3,1,2.52,1.92,2.71,1.73,2.22,-0.07,-0.40,-1.17,-0.66,-0.58,1,2,3,1,1,1,1,2,2,1,1,2,2,1,1,1,3,2,1,2
1,111,3.62,2.65,3.62,2.79,1,78,1,42,40,1,2,1,3.14,3.21,3.62,2.72,3.17,0.61,0.47,0.74,0.69,0.63,1,2,2,3,1,2,2,3,1,1,2,3,2,2,2,2,2,3,2,2
1,112,2.92,1.89,2.10,1.11,1,187,2,44,51,2,2,1,2.41,1.61,2.51,1.50,2.01,-0.43,-0.39,-1.39,-1.18,-0.85,2,3,3,3,2,2,3,3,2,2,3,3,3,3,2,2,3,3,2,2
1,113,2.64,1.08,3.01,1.25,1,187,2,42,65,2,4,2,1.86,2.13,2.83,1.17,2.00,-0.85,-1.30,-0.12,-1.02,-0.82,2,4,3,4,3,3,4,3,2,3,4,4,4,4,3,3,3,3,3,3
1,114,3.08,0.96,3.52,0.57,1,187,2,31,40,1,2,1,2.02,2.05,3.30,0.77,2.03,-0.18,-1.43,0.60,-1.78,-0.70,1,3,1,2,1,2,2,3,1,2,2,3,3,2,2,2,3,2,2,1
1,115,3.46,1.25,3.25,1.28,1,187,2,26,27,1,3,1,2.36,2.27,3.36,1.27,2.31,0.38,-1.11,0.22,-0.99,-0.38,1,1,1,1,1,2,1,1,1,1,1,1,1,1,1,4,1,1,4,1
1,116,3.26,2.35,3.30,1.29,1,187,2,45,28,1,2,1,2.80,2.29,3.28,1.82,2.55,0.08,0.13,0.29,-0.98,-0.12,2,1,1,1,1,2,1,1,2,1,2,1,1,2,1,1,3,2,1,1
1,117,3.09,2.49,2.87,2.59,2,187,2,28,79,2,3,1,2.79,2.73,2.98,2.54,2.76,-0.18,0.29,-0.31,0.47,0.07,4,4,4,4,4,4,4,4,4,4,4,3,4,4,4,4,4,4,4,4
1,118,3.43,2.57,3.40,2.71,2,78,1,37,48,2,4,2,3.00,3.05,3.41,2.64,3.03,0.33,0.37,0.43,0.60,0.43,2,3,2,3,2,3,1,2,3,4,2,3,2,1,3,2,2,3,3,2
1,119,3.62,2.41,3.15,2.31,1,187,2,42,62,2,5,2,3.02,2.73,3.39,2.36,2.87,0.61,0.20,0.08,0.16,0.26,2,4,3,3,2,3,3,3,3,3,4,3,4,4,3,3,4,4,2,2
1,120,3.43,2.72,3.36,1.73,2,187,2,42,36,1,3,1,3.08,2.55,3.39,2.23,2.81,0.33,0.55,0.37,-0.49,0.19,1,2,2,2,2,2,1,3,1,1,2,1,2,2,2,2,3,2,2,1
1,121,3.81,3.08,4.00,3.24,1,187,2,60,30,1,3,1,3.44,3.62,3.90,3.16,3.53,0.89,0.95,1.27,1.20,1.08,2,1,1,2,2,1,1,1,2,2,2,1,1,2,1,1,3,2,1,1
1,122,3.54,2.74,3.45,2.93,2,187,2,59,23,1,4,2,3.14,3.19,3.49,2.83,3.16,0.49,0.57,0.50,0.85,0.60,1,2,1,2,1,1,1,1,1,1,1,1,1,1,1,1,2,1,1,1
1,123,3.74,3.41,3.52,3.05,1,78,1,44,25,1,3,1,3.57,3.28,3.63,3.23,3.43,0.79,1.32,0.59,0.98,0.92,1,1,1,1,1,1,1,1,2,1,2,1,1,1,1,1,3,2,1,1
1,124,2.95,2.01,3.14,2.19,2,187,2,62,46,2,4,2,2.48,2.67,3.05,2.10,2.57,-0.39,-0.25,0.06,0.03,-0.14,2,3,2,3,2,2,2,3,2,2,2,3,3,2,2,2,3,3,1,2
0,125,0.92,1.00,0.79,1.24,1,187,2,31,53,2,2,1,0.96,1.02,0.86,1.12,0.99,-3.41,-1.39,-3.23,-1.04,-2.27,2,2,1,3,2,1,3,2,4,3,3,4,3,2,3,4,3,2,4,2
1,126,3.47,2.40,3.15,2.31,2,187,2,35,22,1,3,1,2.94,2.73,3.31,2.35,2.83,0.39,0.19,0.07,0.16,0.20,1,1,1,1,1,1,1,1,1,1,1,1,1,1,1,1,3,1,1,1
1,127,3.84,2.77,3.51,2.36,1,187,2,47,34,1,3,1,3.31,2.93,3.67,2.57,3.12,0.94,0.61,0.58,0.21,0.58,2,2,1,2,2,2,1,2,2,1,2,2,3,1,1,2,3,1,1,1
1,128,3.38,2.95,3.41,3.18,1,187,2,38,62,2,3,1,3.17,3.30,3.40,3.07,3.23,0.26,0.80,0.44,1.13,0.66,2,4,4,3,3,3,4,3,3,3,3,3,4,4,3,3,1,3,3,3
1,129,4.00,3.56,4.00,3.56,1,111, ,49,48,2,4,2,3.78,3.78,4.00,3.56,3.78,1.18,1.49,1.27,1.55,1.37,2,3,2,2,1,2,2,3,2,2,2,3,3,3,3,3,2,3,3,2
1,130,3.53,2.56,3.11,1.28,1,187,2,44,26,1,3,1,3.05,2.20,3.32,1.92,2.62,0.48,0.37,0.02,-0.99,-0.03,1,1,1,2,1,1,1,2,2,1,2,1,1,1,1,1,3,1,1,1
1,131,2.89,1.17,2.68,2.06,1,187,2,34,30,1,4,2,2.03,2.37,2.78,1.61,2.20,-0.47,-1.20,-0.59,-0.12,-0.59,1,1,1,1,1,2,1,2,1,1,2,2,2,2,1,2,3,2,1,1
1,132,3.68,3.28,3.54,3.10,2,187,2,62,47,2,2,1,3.48,3.32,3.61,3.19,3.40,0.71,1.18,0.63,1.04,0.89,2,3,2,3,1,2,2,3,2,2,3,3,3,3,2,2,2,3,2,2
1,133,3.24,2.45,3.26,2.21,2,187,2,69,24,1,3,1,2.85,2.74,3.25,2.33,2.79,0.05,0.24,0.23,0.05,0.14,1,2,1,1,1,1,1,1,1,1,2,1,1,1,1,1,2,2,1,1
1,134,3.48,3.26,3.39,3.18,1,187,2,41,29,1,3,1,3.37,3.29,3.44,3.22,3.33,0.40,1.15,0.41,1.13,0.78,2,1,1,1,1,1,1,1,1,1,2,2,2,1,4,1,2,2,1,1
1,135,3.15,2.06,3.28,2.15,2,187,2,40,22,1,2,1,2.61,2.72,3.22,2.10,2.66,-0.08,-0.20,0.26,-0.02,-0.01,1,1,1,1,1,1,1,1,1,1,1,1,1,1,1,1,3,1,1,1
1,136,3.73,2.46,3.64,1.82,2,187,2,38,63,2,4,2,3.10,2.73,3.69,2.14,2.91,0.78,0.25,0.77,-0.39,0.35,3,4,4,4,3,3,3,4,2,3,3,3,3,3,3,3,3,3,3,3
1,137,3.50,1.47,3.47,1.14,1,187,2,40,65,2,3,1,2.49,2.31,3.49,1.31,2.40,0.43,-0.86,0.53,-1.15,-0.26,3,4,3,3,3,3,3,3,4,3,4,3,4,3,3,3,4,3,3,3
1,138,3.14,0.91,2.94,0.97,1,187,2,37,54,2,5,2,2.03,1.96,3.04,0.94,1.99,-0.10,-1.49,-0.22,-1.34,-0.79,2,3,3,3,2,2,3,3,3,2,4,3,3,3,2,3,3,3,2,2
1,139,3.43,2.13,3.45,1.29,2,187,2,57,55,2,3,1,2.78,2.37,3.44,1.71,2.58,0.33,-0.12,0.50,-0.98,-0.07,2,4,3,2,4,3,4,2,1,3,3,1,3,3,4,2,3,4,2,2
0,140,1.02,0.99,0.98,0.99,1,187,2,38,23,1,3,1,1.01,0.99,1.00,0.99,1.00,-3.26,-1.40,-2.96,-1.31,-2.24,2,1,1,1,1,1,1,1,2,1,1,1,1,1,1,1,2,1,1,1
0,141,0.73,0.41,0.83,0.22,1,187,2,33,42,2,4,2,0.57,0.52,0.78,0.31,0.54,-3.70,-2.06,-3.17,-2.18,-2.78,2,2,2,2,2,2,2,2,3,3,2,2,2,2,1,2,3,2,2,2
1,142,3.47,2.17,2.63,1.59,1,187,2,37,52,2,3,1,2.82,2.11,3.05,1.88,2.46,0.39,-0.07,-0.66,-0.65,-0.25,2,3,3,3,2,2,3,3,2,2,3,3,3,3,2,2,3,3,3,2
1,143,3.39,0.78,3.06,1.14,2,187,2,62,34,1,2,1,2.08,2.10,3.22,0.96,2.09,0.27,-1.64,-0.05,-1.14,-0.64,2,2,2,1,2,1,2,2,2,1,2,2,3,1,1,2,1,2,1,2
1,144,3.52,2.70,3.24,2.67,1,187,2,32,25,1,1,1,3.11,2.95,3.38,2.68,3.03,0.47,0.52,0.20,0.56,0.44,1,1,1,1,1,1,1,3,1,1,1,1,1,1,1,1,3,2,1,1
1,145,3.49,1.41,3.55,0.43,2,187,2,36,67,2,3,1,2.45,1.99,3.52,0.92,2.22,0.42,-0.93,0.63,-1.94,-0.45,3,4,3,4,3,3,4,3,4,3,4,3,4,4,3,3,4,3,3,2
1,146,3.64,2.68,3.43,2.52,2,187,2,39,40,1,4,2,3.16,2.98,3.54,2.60,3.07,0.65,0.50,0.48,0.39,0.50,2,2,2,2,2,2,1,2,2,2,2,2,2,2,2,2,3,2,2,2
1,147,3.59,2.44,3.59,3.02,1,187,2,31,55,2,4,2,3.01,3.30,3.59,2.73,3.16,0.57,0.23,0.70,0.95,0.61,3,3,2,3,3,3,3,3,2,3,3,3,3,3,2,3,3,3,2,2
1,148,4.00,2.05,4.00,2.45,2,187,2,55,49,2,4,2,3.03,3.23,4.00,2.25,3.13,1.18,-0.21,1.27,0.32,0.64,2,3,2,3,2,3,3,4,2,3,2,3,3,2,1,3,1,3,2,2
1,149,4.00,3.73,4.00,3.55,1,78,1,46,34,1,3,1,3.87,3.78,4.00,3.64,3.82,1.18,1.68,1.27,1.55,1.42,1,2,1,3,1,2,1,2,1,1,2,2,2,2,2,1,2,3,1,2
1,150,3.36,2.94,3.30,2.63,2,187,2,43,23,1,3,1,3.15,2.96,3.33,2.79,3.06,0.23,0.80,0.29,0.51,0.46,1,1,1,1,1,1,1,1,1,1,2,1,1,1,1,1,3,1,1,1
1,151,4.00,3.63,3.99,3.61,1,187,2,50,31,1,4,2,3.82,3.80,4.00,3.62,3.81,1.18,1.57,1.26,1.61,1.40,1,3,2,2,1,1,1,1,1,1,2,2,2,2,1,1,3,2,1,1
1,152,3.71,2.37,3.65,2.45,2,187,2,62,57,2,5,2,3.04,3.05,3.68,2.41,3.04,0.75,0.15,0.78,0.31,0.50,2,4,4,4,3,2,3,2,3,2,3,3,3,4,2,3,2,3,3,2
1,153,3.20,0.48,3.02,0.85,1,78,1,41,47,2,2,1,1.84,1.94,3.11,0.67,1.89,-0.01,-1.97,-0.10,-1.47,-0.89,2,3,3,2,2,2,3,3,1,1,4,2,3,2,3,2,2,2,2,3
1,154,3.57,3.27,3.56,3.29,1,187,2,51,46,2,3,1,3.42,3.43,3.57,3.28,3.42,0.54,1.17,0.65,1.25,0.90,2,2,2,2,2,2,2,3,2,2,2,2,3,3,2,3,4,2,2,2
1,155,3.30,2.79,3.61,3.15,2,187,2,59,39,1,3,1,3.05,3.38,3.46,2.97,3.21,0.14,0.62,0.72,1.10,0.65,2,2,2,2,2,2,2,2,1,2,2,2,2,2,2,2,2,2,2,2
1,156,3.46,3.04,3.51,3.19,2,78,1,31,51,2,4,2,3.25,3.35,3.49,3.12,3.30,0.38,0.91,0.58,1.14,0.75,3,3,4,2,2,1,3,4,2,1,3,4,3,4,1,1,4,3,1,2
1,157,2.10,1.64,2.10,1.71,2,187,2,46,38,1,4,2,1.87,1.91,2.10,1.68,1.89,-1.65,-0.67,-1.39,-0.51,-1.06,1,3,2,3,2,1,1,3,1,1,3,2,1,3,2,1,4,2,1,1
1,158,3.09,1.60,3.42,0.61,2,187,2,45,65,2,4,2,2.35,2.02,3.26,1.11,2.18,-0.18,-0.71,0.46,-1.74,-0.54,3,4,4,3,4,4,3,4,4,3,2,3,3,2,2,3,4,4,3,3
1,159,3.37,2.93,3.15,2.66,2,187,2,37,49,2,4,2,3.15,2.90,3.26,2.79,3.03,0.24,0.78,0.08,0.55,0.41,3,3,2,2,3,3,2,3,3,2,3,2,3,3,2,2,3,3,1,1
1,160,3.07,1.95,3.03,1.68,2,187,2,53,56,2,5,2,2.51,2.36,3.05,1.81,2.43,-0.21,-0.32,-0.09,-0.54,-0.29,2,4,3,3,3,3,3,3,3,2,3,2,3,4,2,3,2,3,3,2
1,161,3.08,1.44,2.67,2.48,1,78,1,33,35,1,2,1,2.26,2.58,2.88,1.96,2.42,-0.19,-0.89,-0.59,0.35,-0.33,2,1,2,2,2,2,1,2,1,1,2,1,3,1,2,1,2,1,3,3
1,162,3.48,2.86,3.58,2.78,1,187,2,46,25,1,3,1,3.17,3.18,3.53,2.82,3.18,0.40,0.70,0.68,0.68,0.62,2,1,1,1,1,1,1,2,2,1,1,1,1,1,1,1,3,1,1,1
1,163,3.63,3.30,3.77,3.46,1,187,2,43,48,2,3,1,3.47,3.62,3.70,3.38,3.54,0.64,1.20,0.95,1.45,1.06,2,2,3,2,3,2,3,2,2,2,2,2,4,2,2,3,3,3,2,2
1,164,2.32,0.53,1.89,1.68,1,187,2,31,46,2,2,1,1.43,1.79,2.11,1.11,1.61,-1.32,-1.92,-1.69,-0.54,-1.37,4,3,3,1,3,2,2,4,3,2,1,2,3,2,3,2,1,2,2,1
1,165,3.08,0.87,2.99,0.65,2,187,2,45,59,2,3,1,1.97,1.82,3.03,0.76,1.90,-0.20,-1.54,-0.14,-1.69,-0.89,2,4,4,3,3,1,4,3,4,3,4,3,2,4,1,4,4,2,2,2
1,166,3.73,3.39,3.64,3.50,2,78,1,40,44,2,3,1,3.56,3.57,3.69,3.45,3.57,0.78,1.30,0.76,1.49,1.08,2,3,2,2,2,2,2,3,1,2,2,2,3,2,2,2,3,3,2,2
1,167,3.71,1.48,3.63,2.02,1,78,1,36,55,2,2,1,2.60,2.83,3.67,1.75,2.71,0.75,-0.85,0.75,-0.16,0.12,2,4,2,3,3,4,3,4,3,2,1,2,4,2,3,2,4,2,2,3
1,168,2.58,0.76,2.65,0.84,2,187,2,41,55,2,3,1,1.67,1.75,2.61,0.80,1.71,-0.94,-1.66,-0.62,-1.48,-1.18,1,2,3,3,3,2,3,3,2,3,4,3,4,3,1,3,2,3,3,4
1,169,3.39,1.13,2.98,1.68,2,187,2,50,56,2,4,2,2.26,2.33,3.19,1.40,2.30,0.27,-1.25,-0.16,-0.55,-0.42,2,2,3,2,3,3,3,3,3,3,3,3,3,2,2,3,4,3,3,3
1,170,3.18,2.58,3.28,2.92,1,187,2,40,28,1,4,2,2.88,3.10,3.23,2.75,2.99,-0.04,0.38,0.26,0.84,0.36,1,1,1,2,2,2,1,2,1,1,1,1,2,3,1,1,1,2,1,1
1,171,3.78,3.37,3.57,3.10,1,187,2,39,47,2,3,1,3.57,3.33,3.67,3.23,3.45,0.84,1.28,0.67,1.04,0.96,2,2,3,2,2,2,3,3,2,2,3,3,3,3,1,2,2,3,2,2
1,172,2.51,0.73,2.45,0.92,2,187,2,43,27,1,4,2,1.62,1.69,2.48,0.83,1.65,-1.04,-1.69,-0.91,-1.39,-1.26,1,1,1,2,2,2,1,1,1,1,2,1,1,2,1,1,3,1,1,1
1,173,3.43,2.79,3.47,2.83,2,187,2,70,46,2,4,2,3.11,3.15,3.45,2.81,3.13,0.32,0.63,0.53,0.74,0.55,3,3,3,3,3,2,2,3,1,2,1,2,3,4,3,2,1,3,1,1
1,174,3.34,2.13,3.19,1.19,2,78,1,35,27,1,1,1,2.74,2.19,3.27,1.66,2.46,0.20,-0.12,0.13,-1.09,-0.22,1,2,2,2,1,1,1,1,1,1,1,3,2,2,1,1,1,1,1,1
1,175,2.45,0.62,2.68,1.78,2,187,2,60,30,1,3,1,1.54,2.23,2.56,1.20,1.88,-1.14,-1.81,-0.58,-0.43,-0.99,1,1,1,1,2,3,1,3,2,1,3,1,1,2,1,1,2,1,1,1
1,176,3.27,3.10,3.46,3.09,2,187,2,34,29,1,3,1,3.19,3.28,3.37,3.10,3.23,0.09,0.97,0.51,1.03,0.65,1,2,1,2,1,1,1,2,2,1,2,2,1,1,1,1,3,2,1,1
1,177,3.47,2.84,3.44,2.06,1,78,1,34,57,2,5,2,3.16,2.75,3.46,2.45,2.95,0.39,0.68,0.48,-0.12,0.36,2,3,4,4,2,3,4,3,3,2,3,3,4,3,1,2,4,3,2,2
1,178,3.44,2.89,3.51,2.88,2,187,2,40,42,2,2,1,3.17,3.20,3.48,2.88,3.18,0.35,0.73,0.58,0.80,0.62,2,3,2,2,1,1,2,3,3,2,3,2,2,3,1,2,3,3,1,1
1,179,3.26,0.98,3.32,1.03,2,187,2,38,24,1,3,1,2.12,2.18,3.29,1.01,2.15,0.08,-1.41,0.32,-1.27,-0.57,2,1,1,1,1,2,1,1,2,1,1,1,1,1,1,1,2,1,1,1
1,180,2.58,1.67,2.60,1.46,2,187,2,39,63,2,4,2,2.13,2.03,2.59,1.57,2.08,-0.94,-0.64,-0.69,-0.79,-0.76,2,3,4,3,3,3,3,4,3,3,3,3,4,3,3,3,4,3,3,3
1,181,3.38,2.95,3.46,2.92,1,187,2,35,46,2,4,2,3.16,3.19,3.42,2.94,3.18,0.25,0.81,0.51,0.84,0.60,1,3,2,2,1,1,3,3,2,2,3,3,4,3,2,2,3,3,1,2
1,182,3.27,2.08,2.99,1.96,1,187,2,74,45,2,3,1,2.68,2.48,3.13,2.02,2.58,0.09,-0.17,-0.15,-0.23,-0.12,2,3,2,1,3,3,2,2,2,3,1,2,2,1,2,2,3,3,3,3
1,183,3.92,3.88,3.75,3.74,2,187,2,45,21,1,3,1,3.90,3.75,3.84,3.81,3.83,1.06,1.86,0.93,1.76,1.40,1,1,1,1,1,2,1,1,1,1,1,1,1,1,1,1,1,1,1,1
1,184,3.99,3.32,3.90,3.34,2,187,2,55,67,2,5,2,3.66,3.62,3.95,3.33,3.64,1.17,1.22,1.13,1.31,1.21,2,4,4,4,4,2,4,3,3,3,4,4,4,4,3,3,2,4,3,3
1,185,3.21,1.63,3.11,0.93,2,187,2,50,38,1,2,1,2.42,2.02,3.16,1.28,2.22,0.01,-0.68,0.02,-1.38,-0.51,2,1,1,2,2,2,1,2,3,3,2,2,2,1,1,2,4,3,1,1
1,186,3.71,3.09,3.63,2.89,1,187,2,44,24,1,3,1,3.40,3.26,3.67,2.99,3.33,0.75,0.96,0.75,0.81,0.82,1,1,1,2,1,1,1,1,2,1,1,1,1,1,1,1,3,1,1,1
1,187,3.28,2.06,2.82,1.71,2,187,2,56,39,1,4,2,2.67,2.27,3.05,1.89,2.47,0.11,-0.20,-0.38,-0.51,-0.25,2,2,3,3,2,1,1,3,1,2,1,1,1,3,2,2,3,2,2,2
1,188,3.24,2.81,3.42,2.71,2,187,2,37,33,1,3,1,3.03,3.07,3.33,2.76,3.05,0.04,0.65,0.46,0.60,0.44,2,1,1,2,2,2,1,2,3,1,3,1,1,2,1,1,4,1,1,1
1,189,3.13,1.88,3.35,1.75,1,78,1,37,40,1,2,1,2.51,2.55,3.24,1.82,2.53,-0.12,-0.40,0.36,-0.47,-0.16,1,3,1,2,2,2,3,3,2,1,2,1,3,2,2,2,3,1,2,2
1,190,2.24,1.26,2.91,0.68,2,187,2,31,52,2,3,1,1.75,1.80,2.58,0.97,1.77,-1.44,-1.10,-0.26,-1.66,-1.11,1,3,2,3,3,2,3,2,2,2,4,3,4,3,2,2,4,3,2,2
1,191,3.16,0.86,3.19,0.48,2,187,2,58,35,1,4,2,2.01,1.84,3.18,0.67,1.92,-0.07,-1.55,0.13,-1.88,-0.84,2,4,2,3,1,2,1,1,1,2,2,1,1,2,2,1,3,2,1,1
1,192,3.09,2.91,3.11,3.13,1,187,2,50,58,2,5,2,3.00,3.12,3.10,3.02,3.06,-0.18,0.76,0.02,1.07,0.42,2,3,4,3,3,3,3,4,2,2,4,3,3,3,3,3,1,3,3,3
1,193,3.31,1.98,3.29,1.97,2,187,2,39,38,1,3,1,2.65,2.63,3.30,1.98,2.64,0.15,-0.28,0.27,-0.22,-0.02,2,2,2,2,2,2,1,2,2,2,1,1,2,2,2,2,3,2,2,2
1,194,3.45,2.69,3.17,0.98,2,187,2,35,56,2,4,2,3.07,2.08,3.31,1.84,2.57,0.36,0.51,0.11,-1.33,-0.09,2,3,3,3,4,3,2,3,3,3,3,2,3,4,2,3,3,3,2,2
1,195,3.12,0.25,2.07,0.47,1,187,2,31,46,2,3,1,1.69,1.27,2.60,0.36,1.48,-0.12,-2.23,-1.44,-1.90,-1.42,2,2,1,3,1,3,1,3,2,1,2,3,2,3,3,4,3,1,3,3
1,196,4.00,3.95,3.94,3.83,1,187,2,61,64,2,3,1,3.97,3.89,3.97,3.89,3.93,1.18,1.93,1.18,1.86,1.54,3,3,3,1,3,3,4,4,4,4,1,4,4,1,4,4,4,4,4,2
1,197,3.52,3.29,3.53,3.16,1,187,2,49,22,1,3,1,3.41,3.35,3.53,3.23,3.38,0.46,1.19,0.61,1.11,0.84,1,1,1,1,1,1,1,1,2,1,1,1,1,1,1,1,2,1,1,1
1,198,2.29,1.16,2.14,1.39,2,187,2,62,66,2,2,1,1.73,1.77,2.21,1.28,1.75,-1.37,-1.21,-1.34,-0.86,-1.20,3,3,4,3,3,3,4,3,3,3,3,4,4,4,3,3,4,3,3,3
1,199,3.17,0.93,3.02,1.69,2,187,2,58,54,2,2,1,2.05,2.36,3.10,1.31,2.20,-0.05,-1.47,-0.11,-0.53,-0.54,1,3,3,4,3,2,3,3,2,2,3,2,4,3,2,3,4,3,2,2
1,200,3.33,1.53,3.43,1.61,1,185, ,34,31,1,5,2,2.43,2.52,3.38,1.57,2.48,0.18,-0.79,0.47,-0.62,-0.19,1,2,2,2,1,1,2,2,1,1,2,2,2,2,1,1,2,2,1,1
1,201,3.41,3.05,3.44,2.57,1,187,2,47,32,1,3,1,3.23,3.01,3.43,2.81,3.12,0.30,0.92,0.48,0.45,0.54,3,2,1,2,2,2,2,2,3,1,2,1,1,1,1,1,1,2,1,1
1,202,3.73,2.80,3.50,3.17,2,187,2,50,26,1,2,1,3.27,3.34,3.62,2.99,3.30,0.78,0.64,0.57,1.12,0.78,1,1,1,2,2,1,1,1,2,1,1,1,1,1,1,1,3,2,1,1
1,203,3.45,2.46,3.22,2.38,1,78,1,46,33,1,1,1,2.96,2.80,3.34,2.42,2.88,0.37,0.25,0.18,0.24,0.26,2,2,2,2,3,4,1,1,1,1,1,1,1,1,4,1,2,1,1,1
1,204,3.67,3.34,3.66,3.38,1,78,1,36,42,2,5,2,3.51,3.52,3.67,3.36,3.51,0.69,1.24,0.79,1.35,1.02,1,3,3,3,1,1,3,3,1,1,3,3,3,3,1,1,3,3,1,1
1,205,3.49,3.24,3.41,3.17,1,187,2,39,37,1,4,2,3.37,3.29,3.45,3.21,3.33,0.42,1.13,0.44,1.12,0.78,2,2,2,2,2,2,2,2,1,1,2,2,2,2,1,1,3,3,2,1
1,206,3.56,3.09,3.51,2.96,1,187,2,78,29,1,3,1,3.33,3.24,3.54,3.03,3.28,0.52,0.96,0.58,0.88,0.74,1,2,2,2,2,2,1,2,1,1,2,1,1,1,1,1,3,1,1,1
1,207,3.03,2.15,3.36,2.15,2,187,2,61,45,2,4,2,2.59,2.76,3.20,2.15,2.67,-0.27,-0.10,0.37,-0.02,0.00,1,3,3,3,2,2,2,2,2,2,2,3,3,2,2,2,2,3,2,2
0,208,0.73,0.36,0.84,0.32,1,187,2,47,34,1,4,2,0.55,0.58,0.79,0.34,0.56,-3.69,-2.11,-3.16,-2.06,-2.76,2,2,1,2,1,2,2,3,1,1,2,1,2,3,1,1,3,2,1,1
1,209,3.27,1.40,2.97,0.98,2,78,1,31,34,1,2,1,2.33,1.97,3.12,1.19,2.15,0.10,-0.94,-0.18,-1.32,-0.59,2,2,2,2,2,1,2,1,1,2,2,1,2,1,2,1,3,2,2,1
1,210,3.69,2.81,3.65,2.96,1,187,2,30,30,1,3,1,3.25,3.30,3.67,2.89,3.28,0.72,0.65,0.77,0.89,0.76,2,1,2,1,2,2,1,1,2,2,1,1,2,1,1,2,2,1,2,1
1,211,2.97,2.60,2.52,1.90,1,187,2,35,47,2,5,2,2.79,2.21,2.75,2.25,2.50,-0.36,0.41,-0.80,-0.30,-0.26,2,2,2,3,2,2,2,4,3,2,2,3,3,2,1,2,4,3,2,1
1,212,4.00,3.49,3.93,3.47,2,78,1,51,31,1,2,1,3.75,3.70,3.97,3.48,3.72,1.18,1.41,1.17,1.45,1.30,1,1,1,1,1,1,1,2,2,1,2,1,2,1,2,2,3,2,2,2
0,213,0.67,0.34,0.57,0.34,1,187,2,36,36,1,4,2,0.50,0.45,0.62,0.34,0.48,-3.79,-2.14,-3.54,-2.04,-2.88,2,2,2,2,3,2,1,2,1,2,1,2,2,2,2,2,3,1,1,1
1,214,2.60,2.76,2.98,2.77,2,78,1,28,51,2,4,2,2.68,2.88,2.79,2.77,2.78,-0.91,0.59,-0.16,0.67,0.05,3,1,3,2,2,3,3,2,2,2,3,2,3,3,3,3,2,3,3,3
1,215,3.61,2.99,3.53,2.94,1,187,2,35,25,1,3,1,3.30,3.24,3.57,2.96,3.27,0.60,0.85,0.62,0.86,0.73,1,2,1,1,1,1,1,1,1,2,1,1,1,1,1,1,4,1,1,1
1,216,3.37,3.11,3.36,3.11,2,187,2,48,36,1,4,2,3.24,3.24,3.37,3.11,3.24,0.24,0.99,0.38,1.06,0.66,2,3,2,2,1,2,1,2,2,1,3,2,2,2,1,2,3,1,1,1
1,217,2.48,0.98,3.17,1.34,2,187,2,47,67,2,4,2,1.73,2.26,2.83,1.16,1.99,-1.08,-1.41,0.11,-0.92,-0.83,2,3,4,3,4,3,4,4,2,3,4,4,4,3,3,3,3,4,4,3
1,218,3.09,1.75,3.13,2.09,1,78,1,35,45,2,4,2,2.42,2.61,3.11,1.92,2.51,-0.18,-0.55,0.05,-0.09,-0.19,2,3,2,4,2,1,4,3,1,1,2,1,3,3,3,1,3,2,2,2
1,219,3.49,2.08,3.23,2.61,1,187,2,34,68,2,4,2,2.79,2.92,3.36,2.35,2.85,0.43,-0.18,0.19,0.50,0.24,2,4,4,3,4,3,4,4,3,3,4,3,3,4,3,3,4,4,3,3
1,220,3.52,3.10,3.58,3.04,2,187,2,62,38,1,4,2,3.31,3.31,3.55,3.07,3.31,0.46,0.97,0.68,0.97,0.77,2,2,1,2,2,2,2,2,2,2,2,2,2,2,1,3,3,2,1,1
1,221,3.54,2.90,3.71,3.10,2,78,1,28,50,2,4,2,3.22,3.41,3.63,3.00,3.31,0.49,0.75,0.86,1.04,0.79,2,2,3,3,1,2,2,3,2,3,3,2,3,3,2,3,3,3,3,2
1,222,2.86,1.60,1.72,0.68,2,187,2,45,58,2,3,1,2.23,1.20,2.29,1.14,1.72,-0.52,-0.71,-1.93,-1.66,-1.21,2,4,3,4,3,2,3,3,2,2,4,3,3,4,2,2,4,4,2,2
1,223,3.83,3.12,3.82,3.05,1,78,1,29,27,1,4,2,3.48,3.44,3.83,3.09,3.46,0.93,1.00,1.02,0.99,0.98,1,2,1,2,1,1,1,2,1,1,1,1,1,2,1,1,3,2,1,1
1,224,3.12,2.30,2.38,1.27,2,187,2,35,45,2,3,1,2.71,1.83,2.75,1.79,2.27,-0.13,0.07,-1.00,-1.00,-0.52,2,2,2,2,2,3,3,2,2,2,2,2,2,3,3,2,3,2,2,2
1,225,3.39,2.35,3.07,1.51,1,78,1,39,30,1,2,1,2.87,2.29,3.23,1.93,2.58,0.27,0.13,-0.04,-0.73,-0.09,1,2,2,1,1,1,1,2,1,1,2,2,2,1,3,1,1,2,1,2
1,226,3.36,3.20,3.36,3.09,1,187,2,30,56,2,3,1,3.28,3.23,3.36,3.15,3.25,0.23,1.09,0.37,1.03,0.68,3,3,2,3,3,3,3,3,3,3,3,3,3,3,2,2,4,3,2,2
1,227,3.53,1.76,3.62,1.37,2,187,2,72,28,1,3,1,2.64,2.50,3.57,1.57,2.57,0.47,-0.53,0.73,-0.89,-0.05,1,1,1,1,2,1,2,1,2,1,2,1,1,3,1,1,3,1,1,1
1,228,3.47,2.83,3.28,1.56,2,187,2,45,28,1,3,1,3.15,2.42,3.38,2.20,2.79,0.40,0.67,0.27,-0.67,0.17,2,1,1,2,1,1,1,2,2,1,2,1,1,2,1,1,3,1,1,1
1,229,3.58,0.64,4.00,0.57,2,78,1,35,49,2,3,1,2.11,2.29,3.79,0.61,2.20,0.55,-1.79,1.27,-1.78,-0.44,4,2,2,3,2,3,2,2,2,2,3,2,3,2,3,3,3,2,2,2
1,230,4.00,1.49,4.00,0.68,2,78,1,35,49,2,4,2,2.75,2.34,4.00,1.09,2.54,1.18,-0.83,1.27,-1.67,-0.01,3,3,2,3,2,3,2,3,2,3,1,2,3,3,2,2,2,3,2,3
1,231,3.65,1.53,3.57,1.49,2,187,2,52,26,1,4,2,2.59,2.53,3.61,1.51,2.56,0.66,-0.79,0.66,-0.75,-0.05,1,1,1,2,2,2,1,1,1,1,2,1,1,1,1,1,3,1,1,1
1,232,3.28,2.73,3.30,2.85,2,187,2,47,40,1,3,1,3.00,3.08,3.29,2.79,3.04,0.10,0.56,0.29,0.76,0.43,2,2,2,2,2,2,2,2,2,2,2,2,3,2,1,2,2,2,2,2
1,233,3.55,2.15,3.31,2.04,2,187,2,58,40,1,4,2,2.85,2.68,3.43,2.10,2.76,0.51,-0.10,0.30,-0.14,0.14,2,3,2,3,1,1,2,2,1,1,3,2,2,3,3,1,3,3,1,1
1,234,3.65,2.98,3.55,3.24,1,78,1,35,36,1,3,1,3.32,3.40,3.60,3.11,3.36,0.66,0.84,0.64,1.20,0.83,2,2,2,3,1,1,2,2,1,2,2,2,1,1,3,1,1,3,2,2
1,235,3.70,2.91,3.21,2.71,1,187,2,40,73,2,4,2,3.31,2.96,3.46,2.81,3.13,0.73,0.76,0.16,0.61,0.57,3,4,4,4,4,3,4,4,3,3,4,4,4,4,3,3,4,4,4,3
1,236,3.48,3.01,3.33,2.43,2,187,2,37,60,2,3,1,3.25,2.88,3.40,2.72,3.06,0.40,0.88,0.33,0.30,0.48,3,1,3,2,4,2,4,3,3,3,2,4,4,3,3,3,4,4,2,3
1,237,3.01,0.86,3.02,0.98,1,78,1,31,44,2,4,2,1.94,2.00,3.02,0.92,1.97,-0.30,-1.55,-0.10,-1.33,-0.82,2,3,3,2,1,1,3,2,2,2,2,2,3,2,2,3,2,2,2,3
1,238,3.46,2.73,3.13,2.72,2,187,2,50,74,2,3,1,3.10,2.93,3.30,2.73,3.01,0.38,0.56,0.05,0.62,0.40,3,4,4,4,4,2,4,4,3,4,4,4,4,4,4,4,4,4,3,3
1,239,3.44,3.17,3.17,3.02,2,187,2,55,54,2,4,2,3.30,3.10,3.31,3.09,3.20,0.34,1.05,0.11,0.95,0.61,2,3,3,3,3,3,3,4,3,3,3,3,2,3,2,2,2,3,2,2
1,240,3.67,3.24,3.33,2.11,1,78,1,30,46,2,4,2,3.45,2.72,3.50,2.67,3.09,0.69,1.13,0.33,-0.07,0.52,1,2,3,3,1,2,2,2,2,2,2,3,3,3,3,2,3,3,2,2
1,241,3.37,2.54,3.41,2.57,1,187,2,59,57,2,4,2,2.96,2.99,3.39,2.56,2.97,0.24,0.34,0.44,0.45,0.37,3,4,2,3,3,2,3,3,3,2,3,3,3,3,3,3,4,3,2,2
1,242,3.38,3.17,3.36,3.12,2,187,2,57,34,1,3,1,3.28,3.24,3.37,3.14,3.26,0.26,1.05,0.37,1.06,0.69,2,1,1,1,2,2,1,2,2,2,2,1,2,2,1,2,4,2,1,1
1,243,4.00,4.00,4.00,4.00,1,187,2,67,40,1,4,2,4.00,4.00,4.00,4.00,4.00,1.18,1.99,1.27,2.05,1.62,2,2,2,3,1,2,1,3,2,2,2,2,3,2,1,2,4,2,1,1
1,244,3.39,2.57,3.42,3.20,1,187,2,51,62,2,4,2,2.98,3.31,3.40,2.89,3.15,0.27,0.38,0.45,1.15,0.56,3,3,4,4,4,3,3,4,3,2,3,4,3,4,2,2,4,3,2,2
1,245,3.26,2.87,3.13,2.92,2,78,1,40,22,1,1,1,3.07,3.03,3.20,2.90,3.05,0.08,0.71,0.05,0.84,0.42,1,1,1,2,1,1,1,1,1,1,1,1,1,1,1,1,2,1,1,1
1,246,4.00,2.70,3.29,2.00,1,187,2,48,36,1,5,2,3.35,2.65,3.65,2.35,3.00,1.18,0.52,0.27,-0.19,0.45,1,3,1,3,2,2,2,2,1,2,1,1,2,3,2,2,2,2,1,1
1,247,3.47,2.79,3.48,2.67,2,187,2,62,34,1,3,1,3.13,3.08,3.48,2.73,3.10,0.39,0.62,0.54,0.56,0.53,1,1,1,1,2,2,2,2,2,2,2,3,2,1,1,2,3,2,1,1
1,248,3.23,2.26,2.98,2.28,1,156, ,42,53,2,3,1,2.75,2.63,3.11,2.27,2.69,0.03,0.03,-0.16,0.13,0.01,3,2,2,2,3,3,2,3,2,3,2,3,4,2,3,3,3,3,3,2
0,249,0.97,0.71,0.87,0.56,2,187,2,31,30,1,4,2,0.84,0.71,0.92,0.64,0.78,-3.33,-1.71,-3.12,-1.80,-2.49,1,2,1,2,2,2,1,2,2,2,2,1,1,1,1,1,3,1,1,1
1,250,3.48,2.23,3.02,1.58,2,187,2,48,65,2,3,1,2.86,2.30,3.25,1.91,2.58,0.41,0.00,-0.11,-0.65,-0.09,2,4,3,3,3,3,3,3,3,3,4,3,4,4,3,3,4,4,3,3
1,251,3.53,2.99,3.11,2.56,2,187,2,44,44,2,5,2,3.26,2.84,3.32,2.78,3.05,0.48,0.85,0.02,0.44,0.45,1,3,2,3,2,2,2,3,2,2,3,1,3,3,2,2,3,3,1,1
1,252,3.49,2.34,3.41,2.44,1,78,1,38,30,1,4,2,2.92,2.93,3.45,2.39,2.92,0.42,0.12,0.44,0.30,0.32,1,2,1,2,1,2,2,2,1,1,1,1,2,2,1,1,3,2,1,1
1,253,3.51,1.78,2.21,1.06,1,187,2,42,52,2,4,2,2.65,1.63,2.86,1.42,2.14,0.46,-0.51,-1.24,-1.24,-0.63,2,3,2,3,3,3,2,4,2,2,4,3,2,3,1,2,4,3,2,2
1,254,3.07,1.50,3.25,1.97,2,187,2,32,35,1,3,1,2.28,2.61,3.16,1.74,2.45,-0.21,-0.83,0.22,-0.22,-0.26,1,2,1,2,2,2,2,2,1,1,2,2,2,2,2,2,3,2,1,1
1,255,3.44,2.12,3.47,3.11,2,187,2,49,34,1,4,2,2.78,3.29,3.46,2.61,3.03,0.35,-0.13,0.52,1.05,0.45,1,2,2,2,1,1,2,2,2,1,2,2,2,2,2,1,3,2,1,1
1,256,3.64,3.02,3.58,2.98,1,187,2,39,23,1,1,1,3.33,3.28,3.61,3.00,3.30,0.65,0.88,0.68,0.90,0.78,1,1,1,1,1,1,1,1,1,1,1,1,1,2,1,1,2,2,1,1
1,257,3.09,2.29,2.88,1.75,2,187,2,47,61,2,4,2,2.69,2.31,2.98,2.02,2.50,-0.18,0.06,-0.31,-0.46,-0.22,3,3,4,3,3,3,3,3,3,3,3,3,4,3,2,3,3,3,3,3
1,258,3.52,3.18,3.34,2.98,1,187,2,37,39,1,4,2,3.35,3.16,3.43,3.08,3.25,0.47,1.07,0.34,0.90,0.69,2,3,2,2,2,2,2,3,1,1,2,2,2,2,1,2,2,4,1,1
1,259,3.62,1.94,3.29,1.52,1,187,2,35,36,1,4,2,2.78,2.41,3.46,1.73,2.59,0.61,-0.33,0.27,-0.72,-0.04,2,2,1,2,2,2,2,2,1,2,2,2,2,3,1,1,3,2,1,1
1,260,3.74,3.30,3.68,3.15,2,187,2,42,46,2,3,1,3.52,3.42,3.71,3.22,3.47,0.80,1.20,0.83,1.10,0.98,2,2,3,2,2,3,2,2,2,2,3,2,2,2,2,2,4,3,2,2
1,261,3.33,2.52,3.24,2.28,2,187,2,61,41,1,1,1,2.92,2.76,3.28,2.40,2.84,0.18,0.32,0.21,0.12,0.21,2,2,2,3,2,2,2,3,2,2,2,2,1,2,1,2,3,2,2,2
1,262,4.00,3.51,3.55,3.12,2,187,2,57,29,1,3,1,3.76,3.34,3.78,3.32,3.55,1.18,1.44,0.64,1.06,1.08,1,2,1,2,1,1,1,2,1,1,2,2,2,2,1,1,2,2,1,1
1,263,3.42,1.51,3.07,1.58,1,187,2,47,37,1,4,2,2.46,2.32,3.24,1.54,2.39,0.31,-0.82,-0.04,-0.66,-0.30,2,2,1,2,2,2,1,2,2,2,1,1,2,2,2,2,4,1,2,2
1,264,3.16,1.88,3.38,2.92,2,187,2,40,43,2,3,1,2.52,3.15,3.27,2.40,2.83,-0.07,-0.40,0.39,0.84,0.19,1,1,1,1,2,3,2,2,3,3,1,1,3,1,2,3,4,3,3,3
1,265,3.41,2.77,3.20,2.62,2,187,2,60,23,1,4,2,3.09,2.91,3.30,2.70,3.00,0.30,0.60,0.14,0.51,0.39,1,1,1,1,1,2,1,1,1,1,1,1,2,1,1,1,2,1,1,1
1,266,3.63,2.56,3.67,3.15,1,78,1,40,32,1,4,2,3.10,3.41,3.65,2.86,3.25,0.63,0.37,0.81,1.10,0.72,3,2,1,2,1,1,1,2,1,1,1,2,2,1,1,4,2,2,1,1
1,267,3.65,3.18,3.66,3.14,1,187,2,34,25,1,3,1,3.41,3.40,3.65,3.16,3.41,0.66,1.06,0.79,1.08,0.90,1,1,1,1,1,2,1,2,2,2,1,1,1,1,1,1,2,1,1,1
1,268,3.61,2.60,3.48,1.73,2,187,2,36,42,2,4,2,3.11,2.61,3.55,2.17,2.86,0.60,0.41,0.54,-0.49,0.27,2,3,2,3,2,2,2,2,3,2,2,1,2,3,1,2,4,2,1,1
1,269,3.67,3.64,3.70,3.14,1,187,2,33,37,1,3,1,3.66,3.42,3.69,3.39,3.54,0.69,1.58,0.85,1.09,1.05,2,2,2,2,1,2,2,3,2,2,2,2,2,2,1,2,2,2,1,1
1,270,2.38,0.48,2.15,0.82,2,186, ,50,53,2,4,2,1.43,1.49,2.27,0.65,1.46,-1.23,-1.98,-1.32,-1.50,-1.51,2,4,3,3,3,3,3,2,3,2,4,3,2,3,3,2,1,2,2,3
1,271,3.57,3.16,3.44,3.28,2,187,2,30,51,2,4,2,3.37,3.36,3.51,3.22,3.36,0.54,1.04,0.48,1.24,0.83,2,4,2,3,2,2,1,3,3,2,4,2,3,3,3,2,4,2,2,2
1,272,3.10,2.37,3.00,2.41,1,187,2,31,43,2,4,2,2.74,2.71,3.05,2.39,2.72,-0.16,0.15,-0.13,0.27,0.03,1,3,2,3,2,2,2,2,2,2,2,2,2,3,2,2,3,2,2,2
1,273,3.31,1.42,3.56,1.23,1,187,2,55,40,1,3,1,2.37,2.40,3.44,1.33,2.38,0.15,-0.92,0.65,-1.05,-0.29,1,3,2,3,2,2,2,3,1,2,1,2,3,2,2,1,2,2,2,2
1,274,3.47,0.72,2.95,0.75,1,187,2,38,46,2,3,1,2.09,1.85,3.21,0.74,1.97,0.39,-1.70,-0.21,-1.58,-0.78,2,2,3,1,3,2,2,3,3,1,1,4,4,3,2,1,2,3,2,2
1,275,3.64,2.81,3.63,3.12,2,187,2,34,35,1,4,2,3.22,3.38,3.63,2.96,3.30,0.64,0.65,0.75,1.06,0.78,2,2,1,2,2,2,2,3,2,1,2,1,2,2,1,1,3,2,1,1
1,276,3.41,2.60,3.46,2.94,2,187,2,35,34,1,2,1,3.00,3.20,3.43,2.77,3.10,0.29,0.41,0.51,0.86,0.52,2,1,1,2,1,2,1,1,2,2,2,2,2,3,1,2,3,2,1,1
1,277,3.36,2.91,2.93,2.63,2,187,2,49,27,1,3,1,3.14,2.78,3.14,2.77,2.96,0.22,0.77,-0.23,0.52,0.32,1,1,1,1,2,2,1,1,3,1,1,1,1,1,1,1,3,2,1,1
1,278,2.84,2.05,2.50,1.70,1,187,2,36,61,2,4,2,2.45,2.10,2.67,1.88,2.27,-0.55,-0.21,-0.83,-0.52,-0.53,3,3,3,4,2,3,4,4,4,3,3,2,4,4,2,3,4,2,2,2
1,279,2.44,0.93,2.51,0.69,1,78,1,35,56,2,4,2,1.69,1.60,2.48,0.81,1.64,-1.15,-1.47,-0.82,-1.65,-1.27,3,4,2,4,3,3,4,2,3,2,2,4,2,1,3,1,3,4,3,3
1,280,3.18,2.88,3.24,2.80,2,187,2,68,66,2,3,1,3.03,3.02,3.21,2.84,3.03,-0.04,0.73,0.20,0.71,0.40,2,3,4,4,3,3,4,4,4,3,2,3,3,4,3,3,4,4,3,3
1,281,1.13,1.22,1.23,1.16,1,187,2,40,58,2,3,1,1.18,1.20,1.18,1.19,1.19,-3.10,-1.14,-2.61,-1.12,-1.99,3,3,3,3,2,3,3,3,3,3,3,3,3,3,3,3,3,3,3,2
1,282,3.00,0.85,3.05,0.92,2,187,2,62,46,2,4,2,1.92,1.98,3.02,0.88,1.95,-0.31,-1.56,-0.07,-1.39,-0.83,3,2,3,3,3,2,2,2,2,2,3,2,2,3,2,2,2,2,2,2
1,283,4.00,3.05,4.00,3.41,1,187,2,50,40,1,4,2,3.53,3.71,4.00,3.23,3.62,1.18,0.92,1.27,1.39,1.19,2,3,2,3,1,2,2,1,2,2,2,2,3,3,1,2,3,2,1,1
1,284,3.02,2.76,2.84,2.38,2,187,2,37,62,2,4,2,2.89,2.61,2.93,2.57,2.75,-0.28,0.59,-0.36,0.24,0.05,2,4,3,3,3,3,3,3,4,3,4,3,3,3,3,3,3,3,3,3
1,285,3.23,2.13,2.79,2.68,1,78,1,31,66,2,3,1,2.68,2.73,3.01,2.40,2.71,0.03,-0.12,-0.43,0.57,0.01,2,4,3,4,3,4,3,3,4,3,4,3,4,4,3,3,4,3,3,2
1,286,3.42,2.40,3.15,1.96,1,187,2,36,62,2,4,2,2.91,2.56,3.29,2.18,2.73,0.32,0.19,0.08,-0.23,0.09,2,3,4,4,3,3,4,3,3,3,3,2,3,4,3,2,3,4,3,3
1,287,3.38,2.85,3.15,2.72,1,187,2,37,40,1,3,1,3.12,2.94,3.27,2.79,3.03,0.26,0.69,0.08,0.62,0.41,2,3,2,3,2,2,1,3,2,1,3,2,2,2,1,1,4,2,1,1
1,288,3.53,2.84,3.57,2.81,1,78,1,60,32,1,5,2,3.19,3.19,3.55,2.83,3.19,0.48,0.68,0.67,0.72,0.64,1,1,2,3,1,1,2,2,1,1,2,2,2,2,1,1,3,2,1,1
1,289,3.51,2.63,3.36,2.44,2,187,2,45,20,1,3,1,3.07,2.90,3.44,2.54,2.99,0.45,0.44,0.37,0.30,0.39,1,1,1,1,1,1,1,1,1,1,1,1,1,1,1,1,1,1,1,1
1,290,4.00,3.59,4.00,3.48,1,78,1,45,23,1,3,1,3.80,3.74,4.00,3.54,3.77,1.18,1.53,1.27,1.47,1.36,1,1,1,1,1,1,1,1,1,1,1,1,1,1,1,1,1,1,1,4
1,291,3.18,2.18,3.29,2.34,2,78,1,63,37,1,4,2,2.68,2.82,3.24,2.26,2.75,-0.04,-0.06,0.27,0.19,0.09,1,2,3,3,1,1,3,2,1,2,3,1,2,2,1,2,2,3,1,1
1,292,2.95,1.55,2.80,1.09,1,187,2,43,30,1,1,1,2.25,1.94,2.88,1.32,2.10,-0.38,-0.77,-0.41,-1.21,-0.69,1,1,1,1,2,3,1,1,2,3,1,1,3,1,1,2,1,1,2,1
1,293,3.53,2.83,3.04,2.11,1,187,2,39,48,2,4,2,3.18,2.58,3.29,2.47,2.88,0.48,0.67,-0.07,-0.07,0.25,2,3,2,3,2,3,2,3,3,2,2,2,2,3,2,3,3,3,2,1
1,294,3.71,3.23,3.64,3.24,1,187,2,42,36,1,4,2,3.47,3.44,3.68,3.24,3.46,0.75,1.12,0.76,1.20,0.96,2,2,2,2,1,2,1,3,1,2,2,1,2,2,2,2,3,2,1,1
1,295,3.88,1.98,4.00,2.50,1,187,2,47,45,2,4,2,2.93,3.25,3.94,2.24,3.09,1.00,-0.29,1.27,0.37,0.59,2,3,2,3,3,2,2,2,1,2,2,1,4,2,2,3,3,2,2,2
1,296,3.21,1.54,3.62,1.97,2,187,2,36,31,1,4,2,2.38,2.80,3.42,1.76,2.59,0.01,-0.78,0.74,-0.22,-0.06,2,1,1,1,1,2,2,2,2,1,2,1,2,1,1,2,4,1,1,1
1,297,3.06,1.65,2.76,1.60,1,187,2,57,64,2,3,1,2.36,2.18,2.91,1.63,2.27,-0.22,-0.66,-0.47,-0.63,-0.50,3,3,3,4,3,3,4,4,3,3,4,3,4,4,2,3,1,4,3,3
1,298,2.78,0.92,2.62,0.59,2,187,2,42,36,1,2,1,1.85,1.61,2.70,0.76,1.73,-0.64,-1.48,-0.66,-1.76,-1.14,2,1,1,2,2,2,1,3,2,2,2,1,2,2,1,1,4,3,1,1
1,299,3.37,2.50,3.41,2.55,1,187,2,45,28,1,3,1,2.93,2.98,3.39,2.53,2.96,0.23,0.30,0.44,0.43,0.35,2,1,1,1,1,2,1,3,2,1,2,1,1,1,1,1,3,1,1,1
1,300,3.61,1.84,3.55,2.21,1,187,2,31,53,2,5,2,2.73,2.88,3.58,2.03,2.80,0.60,-0.44,0.63,0.05,0.21,2,3,2,3,3,2,2,3,3,2,3,3,3,4,2,2,4,3,2,2
1,301,3.55,3.09,3.53,3.12,2,78,1,36,33,1,4,2,3.32,3.33,3.54,3.11,3.32,0.51,0.96,0.61,1.06,0.79,1,2,2,1,1,3,1,3,1,1,3,2,2,1,1,1,1,3,2,1
1,302,3.56,2.00,3.21,3.19,1,187,2,43,41,1,3,1,2.78,3.20,3.39,2.60,2.99,0.52,-0.26,0.16,1.14,0.39,2,2,2,2,2,2,2,3,2,2,2,2,2,2,2,2,2,2,2,2
0,303,0.82,0.49,0.87,0.47,1,187,2,47,38,1,2,1,0.66,0.67,0.85,0.48,0.66,-3.56,-1.96,-3.12,-1.89,-2.63,2,2,1,2,3,2,1,3,2,2,1,1,3,4,1,1,2,2,2,1
1,304,3.08,1.82,3.12,2.13,1,187,2,32,63,2,1,1,2.45,2.63,3.10,1.98,2.54,-0.19,-0.47,0.04,-0.04,-0.17,2,4,3,4,3,3,3,3,3,3,3,3,4,3,3,3,4,3,3,3
1,305,2.79,0.66,2.91,0.53,2,187,2,45,36,1,3,1,1.73,1.72,2.85,0.59,1.72,-0.62,-1.77,-0.26,-1.83,-1.12,2,2,2,2,2,2,2,2,2,2,1,1,1,1,2,2,2,2,2,2
1,306,3.36,2.92,2.94,2.50,2,187,2,57,62,2,4,2,3.14,2.72,3.15,2.71,2.93,0.23,0.77,-0.22,0.37,0.29,3,3,3,3,3,3,3,4,3,3,4,3,4,3,2,3,4,3,3,2
1,307,3.27,3.64,3.59,3.57,2,187,2,32,37,1,4,2,3.46,3.58,3.43,3.61,3.52,0.09,1.58,0.69,1.57,0.98,1,2,2,2,1,1,2,2,2,2,2,2,2,2,1,2,3,2,2,2
1,308,3.40,0.86,3.14,1.32,2,187,2,35,38,1,4,2,2.13,2.23,3.27,1.09,2.18,0.28,-1.55,0.07,-0.95,-0.54,2,3,2,2,2,2,2,1,2,2,2,1,1,2,1,2,3,2,2,2
1,309,3.68,3.11,3.80,2.93,1,187,2,34,47,2,4,2,3.40,3.37,3.74,3.02,3.38,0.70,0.99,0.99,0.85,0.88,2,3,2,3,2,2,2,3,2,2,3,3,2,3,2,2,2,3,2,2
0,310,1.28,0.52,0.86,0.42,2,187,2,46,34,1,3,1,0.90,0.64,1.07,0.47,0.77,-2.88,-1.93,-3.13,-1.95,-2.47,1,2,3,2,1,1,2,2,1,1,2,2,3,2,1,1,3,2,1,1
1,311,3.20,1.78,3.27,1.89,1,187,2,36,57,2,4,2,2.49,2.58,3.24,1.83,2.53,-0.01,-0.51,0.25,-0.31,-0.15,2,3,2,3,3,3,3,3,3,3,3,2,3,3,3,3,3,4,3,2
1,312,2.54,0.75,2.20,1.07,2,78,1,54,40,1,2,1,1.65,1.64,2.37,0.91,1.64,-1.00,-1.67,-1.25,-1.23,-1.29,1,2,2,2,3,1,2,2,3,2,2,1,2,2,2,3,1,2,2,3
1,313,3.73,2.63,3.69,3.01,1,187,2,33,54,2,3,1,3.18,3.35,3.71,2.82,3.27,0.78,0.45,0.83,0.94,0.75,2,3,3,3,2,2,2,3,3,2,4,2,3,4,3,2,4,3,2,2
1,314,3.42,3.23,3.23,2.89,2,187,2,51,58,2,5,2,3.33,3.06,3.32,3.06,3.19,0.31,1.12,0.19,0.80,0.61,2,4,3,3,3,3,3,3,3,2,2,3,4,4,2,3,3,3,3,2
1,315,2.45,0.57,2.41,0.71,2,187,2,58,48,2,4,2,1.51,1.56,2.43,0.64,1.54,-1.13,-1.87,-0.96,-1.63,-1.40,2,3,2,3,2,2,3,3,2,2,3,2,3,4,2,1,3,4,1,1
1,316,2.95,1.50,3.01,1.80,2,187,2,59,60,2,4,2,2.22,2.41,2.98,1.65,2.32,-0.38,-0.83,-0.12,-0.41,-0.43,2,4,3,4,3,3,4,3,2,2,4,3,4,4,2,2,3,4,2,2
1,317,3.40,1.62,3.51,1.16,2,78,1,32,31,1,1,1,2.51,2.33,3.45,1.39,2.42,0.29,-0.69,0.58,-1.12,-0.24,1,4,1,1,1,1,1,1,1,1,1,1,4,2,1,1,1,4,2,1
1,318,3.39,2.35,3.27,2.30,2,187,2,57,37,1,4,2,2.87,2.79,3.33,2.33,2.83,0.27,0.13,0.25,0.15,0.20,1,3,2,3,2,2,1,2,2,2,2,2,2,3,1,1,3,1,1,1
1,319,2.89,1.97,3.11,2.18,1,187,2,44,39,1,4,2,2.43,2.65,3.00,2.08,2.54,-0.47,-0.30,0.02,0.01,-0.18,2,2,2,2,2,2,1,3,3,2,1,1,2,3,1,2,2,2,2,2
1,320,3.59,3.37,3.67,3.52,1,187,2,36,38,1,3,1,3.48,3.60,3.63,3.45,3.54,0.57,1.28,0.81,1.51,1.04,2,2,1,2,2,3,1,3,3,2,2,1,3,2,1,2,2,2,1,1
1,321,3.34,2.82,3.24,3.09,1,187,2,42,51,2,4,2,3.08,3.16,3.29,2.95,3.12,0.20,0.66,0.21,1.03,0.52,2,3,2,2,3,3,2,3,3,2,3,3,3,3,2,2,3,3,2,2
1,322,3.47,2.80,3.09,2.18,1,187,2,42,52,2,4,2,3.14,2.64,3.28,2.49,2.89,0.39,0.64,0.00,0.02,0.26,2,3,2,3,3,3,3,3,3,3,3,3,2,3,2,2,3,2,2,2
1,323,3.50,3.52,3.57,3.56,1,78,1,43,46,2,4,2,3.51,3.57,3.54,3.54,3.54,0.43,1.45,0.67,1.55,1.03,2,3,3,3,3,3,2,3,3,3,2,1,2,1,2,2,2,2,2,2
1,324,3.54,2.62,3.66,2.76,2,187,2,33,63,2,4,2,3.08,3.21,3.60,2.69,3.15,0.50,0.44,0.80,0.66,0.60,3,3,3,3,3,3,4,3,3,3,4,3,3,4,3,3,4,4,2,2
1,325,3.69,2.81,3.66,2.28,2,78,1,36,29,1,4,2,3.25,2.97,3.68,2.55,3.11,0.72,0.65,0.79,0.13,0.57,1,1,1,1,1,1,2,2,1,1,2,2,1,2,1,2,2,3,1,1
1,326,3.62,2.40,3.67,2.54,1,187,2,39,39,1,4,2,3.01,3.11,3.64,2.47,3.06,0.61,0.19,0.81,0.42,0.51,2,2,2,2,2,2,2,3,2,2,2,1,2,2,2,2,2,2,2,1
1,327,2.97,2.33,3.09,2.66,2,187,2,43,42,2,3,1,2.65,2.88,3.03,2.50,2.76,-0.35,0.11,0.00,0.55,0.08,2,2,2,3,2,2,2,3,2,2,2,2,2,3,1,1,3,2,2,2
1,328,3.33,0.72,1.53,0.99,2,187,2,37,20,1,3,1,2.03,1.26,2.43,0.86,1.64,0.18,-1.71,-2.19,-1.31,-1.26,1,1,1,1,1,1,1,1,1,1,1,1,1,1,1,1,1,1,1,1
1,329,3.23,2.86,3.27,3.18,1,187,2,33,61,2,4,2,3.05,3.22,3.25,3.02,3.13,0.04,0.70,0.25,1.13,0.53,3,3,3,3,3,3,3,3,3,3,3,3,3,3,3,3,3,4,3,3
1,330,3.41,1.23,3.21,2.15,1,78,1,43,51,2,5,2,2.32,2.68,3.31,1.69,2.50,0.30,-1.13,0.16,-0.02,-0.17,2,2,3,3,3,2,1,2,4,4,2,2,3,2,3,3,2,2,3,3
1,331,3.27,2.59,3.15,2.36,1,187,2,55,63,2,5,2,2.93,2.75,3.21,2.47,2.84,0.09,0.40,0.07,0.21,0.19,3,4,2,3,4,3,3,4,3,3,4,3,3,4,3,3,4,3,2,2
1,332,3.11,1.36,3.49,1.30,2,187,2,42,34,1,4,2,2.23,2.40,3.30,1.33,2.32,-0.15,-0.98,0.55,-0.96,-0.39,2,2,2,3,1,1,1,2,2,2,2,2,1,2,1,1,3,2,1,1
1,333,3.56,2.43,3.59,2.70,2,187,2,30,35,1,4,2,3.00,3.15,3.58,2.57,3.07,0.52,0.22,0.69,0.59,0.51,1,3,1,3,2,1,1,2,1,1,3,2,2,2,2,1,3,2,1,1
1,334,2.27,2.14,1.85,1.57,1,78,1,36,53,2,5,2,2.21,1.71,2.06,1.86,1.96,-1.40,-0.11,-1.74,-0.67,-0.98,1,4,4,4,1,1,4,4,1,1,4,4,4,4,1,1,4,4,1,1
1,335,3.23,2.50,3.20,2.35,1,187,2,34,20,1,3,1,2.87,2.77,3.21,2.43,2.82,0.04,0.30,0.14,0.20,0.17,1,1,1,1,1,1,1,1,1,1,1,1,1,1,1,1,1,1,1,1
1,336,2.36,0.92,1.32,0.75,2,187,2,37,33,1,4,2,1.64,1.04,1.84,0.84,1.34,-1.26,-1.48,-2.49,-1.58,-1.70,2,2,1,2,2,1,1,3,2,1,2,1,1,2,1,2,2,3,1,1
1,337,2.89,0.98,3.37,0.70,2,187,2,33,55,2,4,2,1.93,2.04,3.13,0.84,1.99,-0.48,-1.42,0.39,-1.63,-0.78,2,3,2,3,3,3,3,3,3,2,3,3,3,3,3,2,4,3,2,2
1,338,3.47,3.47,3.46,3.44,1,187,2,34,52,2,3,1,3.47,3.45,3.47,3.46,3.46,0.39,1.39,0.51,1.42,0.93,2,4,2,3,2,3,3,3,3,2,2,2,3,3,2,2,4,3,2,2
1,339,3.11,2.85,3.14,2.89,2,187,2,57,29,1,4,2,2.98,3.02,3.13,2.87,3.00,-0.15,0.69,0.06,0.81,0.35,1,2,1,2,1,1,1,2,1,1,2,1,2,2,1,1,3,2,1,1
1,340,3.34,2.96,3.34,2.89,2,187,2,58,56,2,3,1,3.15,3.12,3.34,2.93,3.13,0.20,0.82,0.34,0.81,0.54,2,3,3,2,3,2,3,3,3,3,3,4,4,2,2,3,4,3,2,2
1,341,3.50,3.16,3.42,3.05,2,78,1,28,31,1,2,1,3.33,3.23,3.46,3.10,3.28,0.44,1.04,0.45,0.98,0.73,1,2,1,1,2,3,1,1,1,1,3,2,1,2,1,1,3,2,1,1
1,342,3.10,2.37,2.97,2.11,2,78,1,43,56,2,2,1,2.74,2.54,3.04,2.24,2.64,-0.16,0.15,-0.17,-0.06,-0.06,2,3,2,3,3,2,4,2,2,1,3,4,4,4,3,2,3,4,2,3
1,343,3.72,2.89,3.59,3.14,1,187,2,30,45,2,4,2,3.31,3.37,3.66,3.02,3.34,0.76,0.74,0.69,1.09,0.82,2,2,2,2,3,3,3,1,2,2,3,2,3,2,2,2,3,2,2,2
1,344,3.64,2.63,3.37,2.73,2,187,2,32,73,2,3,1,3.14,3.05,3.51,2.68,3.09,0.64,0.44,0.39,0.63,0.53,4,1,4,1,4,4,4,4,4,4,3,4,4,4,4,4,4,4,4,4
1,345,3.16,2.16,3.24,2.11,2,187,2,55,32,1,3,1,2.66,2.68,3.20,2.14,2.67,-0.07,-0.08,0.20,-0.06,0.00,2,2,1,1,3,2,1,3,2,1,1,2,2,1,1,2,2,1,1,1
1,346,3.19,2.73,3.06,2.75,1,187,2,30,67,2,4,2,2.96,2.91,3.13,2.74,2.93,-0.02,0.56,-0.05,0.65,0.28,2,4,3,3,3,3,4,4,3,3,3,4,4,4,3,3,4,4,3,3
1,347,2.72,2.23,2.60,1.82,1,78,1,38,46,2,4,2,2.47,2.21,2.66,2.02,2.34,-0.73,-0.01,-0.69,-0.39,-0.45,2,4,1,3,2,3,3,2,2,1,2,1,3,2,3,3,2,1,3,3
1,348,2.51,1.10,1.14,1.20,1,78,1,28,52,2,2,1,1.81,1.17,1.82,1.15,1.49,-1.04,-1.27,-2.75,-1.08,-1.54,2,2,3,2,2,3,3,3,2,3,3,3,3,3,2,3,3,3,2,2
1,349,3.55,0.76,3.33,0.77,2,185, ,45,31,1,3,1,2.16,2.05,3.44,0.77,2.10,0.51,-1.66,0.34,-1.56,-0.59,1,2,2,2,1,1,2,2,1,1,2,2,2,2,1,1,2,2,1,1
1,350,3.37,2.45,3.50,2.44,1,187,2,70,24,1,3,1,2.91,2.97,3.44,2.45,2.94,0.24,0.25,0.57,0.31,0.34,1,2,1,1,2,1,1,1,1,1,1,1,1,1,1,1,2,2,1,1
1,351,3.50,0.82,3.38,1.50,1,78,1,42,29,1,1,1,2.16,2.44,3.44,1.16,2.30,0.44,-1.59,0.40,-0.74,-0.37,1,1,2,2,2,2,1,1,1,1,1,1,1,1,3,1,2,2,1,2
1,352,3.38,2.72,3.38,2.39,2,187,2,38,30,1,4,2,3.05,2.89,3.38,2.56,2.97,0.26,0.55,0.40,0.25,0.36,2,2,1,2,1,2,1,2,2,1,1,1,2,2,1,1,2,2,1,1
1,353,2.97,1.48,2.50,1.22,1,187,2,26,39,1,3,1,2.23,1.86,2.74,1.35,2.04,-0.36,-0.85,-0.83,-1.06,-0.77,2,2,1,1,2,2,1,2,4,2,2,2,1,2,2,2,4,3,1,1
1,354,2.92,2.30,3.35,2.87,2,187,2,64,33,1,2,1,2.61,3.11,3.13,2.59,2.86,-0.43,0.08,0.36,0.78,0.20,1,2,1,2,2,1,1,2,2,1,2,2,3,2,1,1,3,2,1,1
1,355,3.30,1.83,3.22,1.40,2,187,2,43,66,2,4,2,2.57,2.31,3.26,1.62,2.44,0.14,-0.46,0.18,-0.86,-0.25,3,3,4,3,3,3,4,4,3,3,4,3,3,3,3,3,4,4,3,3
1,356,3.61,3.38,3.44,3.30,1,187,2,52,27,1,3,1,3.50,3.37,3.53,3.34,3.43,0.60,1.29,0.48,1.26,0.91,1,1,1,1,2,2,1,2,1,1,1,1,1,1,4,1,1,2,1,1
0,357,0.91,0.62,0.91,0.67,1,187,2,34,53,2,4,2,0.77,0.79,0.91,0.65,0.78,-3.42,-1.81,-3.06,-1.67,-2.49,3,4,3,3,2,2,2,4,3,2,1,2,3,1,4,3,4,3,2,2
1,358,3.09,2.04,3.15,2.05,2,187,2,52,51,2,3,1,2.56,2.60,3.12,2.05,2.58,-0.18,-0.22,0.08,-0.13,-0.11,2,3,2,3,3,3,3,3,2,2,3,3,3,2,2,2,3,3,2,2
1,359,3.26,2.71,3.29,2.93,1,187,2,31,42,2,4,2,2.99,3.11,3.28,2.82,3.05,0.08,0.53,0.27,0.85,0.43,2,2,1,2,2,2,2,2,3,2,2,2,3,4,1,2,4,2,1,1
1,360,3.83,3.78,3.60,3.46,1,187,2,29,60,2,3,1,3.81,3.53,3.72,3.62,3.67,0.93,1.74,0.71,1.44,1.20,2,4,3,3,3,3,4,3,2,3,3,3,3,3,3,3,3,4,2,3
1,361,3.62,1.99,3.25,1.90,2,187,2,41,35,1,3,1,2.80,2.57,3.43,1.94,2.69,0.61,-0.28,0.22,-0.30,0.06,2,2,2,1,2,2,2,2,2,2,2,1,2,1,1,2,2,2,2,1
1,362,3.75,3.48,3.73,3.64,2,187,2,37,61,2,4,2,3.62,3.68,3.74,3.56,3.65,0.81,1.41,0.89,1.64,1.19,3,4,3,4,3,3,3,3,2,3,3,3,3,3,3,3,3,3,3,3
1,363,2.81,1.37,2.95,1.55,1,78,1,48,32,1,3,1,2.09,2.25,2.88,1.46,2.17,-0.60,-0.97,-0.20,-0.69,-0.61,1,2,1,1,2,2,2,2,2,1,2,1,2,2,1,1,3,2,1,1
1,364,2.96,3.18,3.20,3.28,1,78,1,36,53,2,4,2,3.07,3.24,3.08,3.23,3.16,-0.38,1.07,0.15,1.24,0.52,2,4,3,4,2,2,3,4,2,1,3,4,3,3,1,2,4,4,1,1
1,365,3.16,3.13,3.39,3.05,1,78,1,36,54,2,4,2,3.14,3.22,3.27,3.09,3.18,-0.07,1.00,0.41,0.99,0.58,2,4,3,3,1,3,3,4,2,2,3,4,3,4,1,2,4,3,2,1
1,366,3.14,1.39,2.73,1.48,2,187,2,70,26,1,4,2,2.27,2.11,2.94,1.44,2.19,-0.10,-0.95,-0.51,-0.77,-0.58,2,2,1,1,1,1,1,2,1,1,1,1,1,2,1,1,3,1,1,1
1,367,3.44,2.55,3.01,1.88,2,187,2,40,37,1,4,2,2.99,2.44,3.22,2.22,2.72,0.34,0.36,-0.12,-0.32,0.06,2,2,1,2,2,2,1,2,2,2,2,2,2,2,1,2,4,2,1,1
1,368,3.50,3.19,3.43,3.04,1,78,1,30,46,2,4,2,3.34,3.24,3.46,3.12,3.29,0.43,1.07,0.47,0.98,0.74,2,4,2,3,1,3,2,3,2,2,1,2,3,2,3,2,3,2,2,2
1,369,2.69,2.28,2.75,2.37,2,187,2,37,20,1,3,1,2.49,2.56,2.72,2.33,2.52,-0.77,0.05,-0.48,0.23,-0.24,1,1,1,1,1,1,1,1,1,1,1,1,1,1,1,1,1,1,1,1
1,370,3.60,2.96,3.56,3.02,1,187,2,30,44,2,4,2,3.28,3.29,3.58,2.99,3.29,0.58,0.82,0.65,0.95,0.75,1,3,2,3,2,2,3,3,2,2,3,2,2,3,1,2,3,3,1,1
1,371,3.29,1.99,3.21,1.94,1,78,1,41,37,1,2,1,2.64,2.58,3.25,1.97,2.61,0.12,-0.28,0.16,-0.25,-0.06,2,2,1,2,2,2,1,3,2,2,2,2,1,2,2,2,3,1,1,2
1,372,3.24,2.80,2.88,2.35,1,187,2,40,61,2,3,1,3.02,2.61,3.06,2.58,2.82,0.05,0.64,-0.30,0.20,0.15,3,3,3,2,3,4,3,4,4,3,2,3,4,3,2,3,4,4,2,2
1,373,3.25,2.27,3.45,2.97,2,187,2,31,50,2,4,2,2.76,3.21,3.35,2.62,2.99,0.06,0.04,0.50,0.90,0.37,2,2,3,2,2,3,4,2,2,3,4,2,3,1,3,2,2,3,4,1
1,374,4.00,2.49,4.00,2.63,2,187,2,59,36,1,4,2,3.25,3.31,4.00,2.56,3.28,1.18,0.29,1.27,0.52,0.81,2,2,2,2,2,2,1,2,2,2,2,1,2,2,3,2,1,2,1,1
1,375,2.90,2.60,2.83,2.64,1,187,2,41,27,1,4,2,2.75,2.74,2.87,2.62,2.74,-0.46,0.41,-0.37,0.53,0.03,1,2,1,2,1,1,1,2,1,1,2,1,1,2,1,1,3,1,1,1
1,376,3.49,2.43,3.39,2.40,1,187,2,30,47,2,4,2,2.96,2.90,3.44,2.42,2.93,0.42,0.22,0.41,0.26,0.33,2,3,1,3,2,2,2,3,3,2,2,3,2,2,2,2,4,3,2,2
1,377,3.56,3.09,3.46,2.92,1,187,2,40,23,1,4,2,3.33,3.19,3.51,3.01,3.26,0.52,0.96,0.51,0.84,0.71,1,1,1,1,1,1,1,1,1,1,2,1,1,2,1,1,2,1,1,1
0,378,0.77,0.82,2.08,0.74,2,78,1,43,52,2,5,2,0.80,1.41,1.43,0.78,1.10,-3.63,-1.59,-1.42,-1.59,-2.06,3,3,2,2,2,2,4,4,3,2,3,2,2,3,3,2,2,2,4,2
1,379,2.62,1.91,3.30,2.91,2,187,2,47,49,2,4,2,2.26,3.10,2.96,2.41,2.68,-0.88,-0.37,0.28,0.83,-0.03,1,3,3,3,3,3,3,3,1,1,2,3,3,2,2,3,2,3,2,3
1,380,3.36,3.14,3.41,3.02,2,187,2,58,32,1,3,1,3.25,3.22,3.39,3.08,3.23,0.23,1.02,0.44,0.95,0.66,1,2,1,2,1,2,1,3,1,1,2,3,1,2,1,2,2,2,1,1
1,381,3.35,1.86,3.16,1.56,2,187,2,40,37,1,4,2,2.61,2.36,3.26,1.71,2.48,0.21,-0.42,0.09,-0.68,-0.20,2,2,2,2,2,2,2,2,2,2,1,1,2,2,1,2,3,2,2,1
1,382,3.38,1.71,3.53,1.62,2,187,2,53,60,2,4,2,2.55,2.57,3.46,1.66,2.56,0.25,-0.59,0.61,-0.61,-0.08,2,3,3,4,3,3,3,3,2,2,3,3,3,4,3,3,3,4,3,3
1,383,3.46,3.03,3.47,2.96,1,187,2,60,28,1,3,1,3.24,3.21,3.46,2.99,3.23,0.37,0.89,0.53,0.88,0.67,1,1,1,1,2,1,1,2,3,1,2,1,1,2,1,1,3,1,1,1
1,384,3.44,2.63,3.18,2.30,2,187,2,40,29,1,3,1,3.03,2.74,3.31,2.46,2.89,0.35,0.44,0.12,0.14,0.26,2,1,1,1,1,2,1,1,3,2,1,2,3,1,1,1,2,1,1,1
1,385,3.50,3.17,3.51,3.15,1,187,2,46,59,2,4,2,3.34,3.33,3.51,3.16,3.33,0.43,1.05,0.58,1.10,0.79,2,3,3,3,3,2,3,3,2,3,3,3,4,3,3,3,3,4,3,3
1,386,3.39,2.98,3.42,3.01,1,187,2,45,24,1,3,1,3.19,3.22,3.41,3.00,3.20,0.27,0.84,0.46,0.94,0.63,1,2,1,1,1,2,1,2,1,1,1,1,1,1,1,1,2,1,1,1
1,387,3.60,3.13,3.34,3.04,2,187,2,31,40,1,4,2,3.37,3.19,3.47,3.09,3.28,0.58,1.01,0.34,0.97,0.73,3,2,2,2,3,2,1,2,2,2,2,1,1,2,2,2,4,1,2,2
1,388,3.46,0.97,2.97,0.97,1,187,2,41,54,2,4,2,2.22,1.97,3.22,0.97,2.09,0.38,-1.42,-0.17,-1.34,-0.64,2,3,3,3,3,3,2,2,3,3,2,3,3,3,2,3,3,3,2,3
1,389,2.55,1.99,2.63,2.23,1,187,2,41,32,1,4,2,2.27,2.43,2.59,2.11,2.35,-0.98,-0.28,-0.65,0.07,-0.46,2,2,1,2,2,2,1,2,1,2,2,2,1,2,1,2,2,1,1,1
1,390,2.90,2.26,3.17,2.66,2,187,2,39,62,2,5,2,2.58,2.91,3.03,2.46,2.75,-0.46,0.03,0.11,0.55,0.05,3,3,3,3,3,3,4,4,2,3,4,4,4,3,2,3,3,4,2,2
1,391,3.63,1.66,3.75,1.35,1,78,1,28,35,1,5,2,2.65,2.55,3.69,1.51,2.60,0.63,-0.65,0.92,-0.91,0.00,2,2,1,2,2,2,1,1,1,2,1,1,3,1,2,2,2,2,2,3
1,392,3.63,3.05,2.86,2.23,2,89, ,27,54,2,5,2,3.34,2.55,3.25,2.64,2.95,0.63,0.92,-0.32,0.08,0.33,2,3,3,3,2,2,4,3,2,2,3,4,4,2,2,3,2,3,3,2
1,393,3.82,2.96,3.79,3.06,1,78,1,38,33,1,4,2,3.39,3.43,3.81,3.01,3.41,0.91,0.82,0.98,1.00,0.92,1,2,2,2,1,1,1,3,1,2,2,2,1,2,2,1,2,2,1,2
1,394,2.65,1.56,2.59,1.65,2,187,2,34,64,2,3,1,2.11,2.12,2.62,1.61,2.11,-0.83,-0.76,-0.71,-0.58,-0.72,3,4,3,3,3,3,4,4,2,3,3,4,4,3,2,3,4,4,2,3
0,395,0.91,0.80,0.88,0.81,1,187,2,31,58,2,4,2,0.86,0.84,0.89,0.81,0.85,-3.43,-1.61,-3.11,-1.52,-2.42,2,4,3,3,3,3,3,3,2,3,2,3,4,3,3,3,2,3,3,3
1,396,4.00,3.96,3.87,3.76,1,78,1,37,29,1,3,1,3.98,3.82,3.94,3.86,3.90,1.18,1.94,1.09,1.78,1.50,1,2,2,1,2,2,1,2,1,1,1,1,1,1,2,2,1,1,2,2
1,397,2.81,2.40,2.91,2.24,1,78,1,32,52,2,1,1,2.61,2.58,2.86,2.32,2.59,-0.59,0.19,-0.26,0.08,-0.15,1,3,3,3,2,2,3,3,1,2,4,4,3,2,1,2,4,4,3,2
1,398,3.69,3.28,3.51,2.69,2,187,2,45,36,1,4,2,3.49,3.10,3.60,2.98,3.29,0.72,1.18,0.59,0.58,0.77,2,2,2,2,2,2,2,2,1,1,2,2,2,2,3,1,2,2,1,1
1,399,3.97,2.08,3.99,1.89,2,78,1,39,46,2,1,1,3.03,2.94,3.98,1.99,2.98,1.14,-0.17,1.26,-0.31,0.48,2,2,2,2,4,3,2,3,3,1,2,2,3,2,2,3,2,2,2,2
1,400,3.37,2.81,3.41,2.33,1,187,2,51,35,1,3,1,3.09,2.87,3.39,2.57,2.98,0.25,0.65,0.44,0.18,0.38,2,2,2,2,3,2,3,2,2,2,2,1,1,2,1,1,1,2,1,1
1,401,3.81,2.62,3.72,2.69,2,78,1,47,40,1,4,2,3.22,3.20,3.77,2.66,3.21,0.90,0.44,0.88,0.58,0.70,2,2,2,3,1,1,3,2,1,1,2,2,2,2,2,1,3,3,2,3
1,402,3.74,1.25,3.76,0.88,1,78,1,35,27,1,2,1,2.49,2.32,3.75,1.06,2.41,0.80,-1.11,0.94,-1.44,-0.20,1,2,1,1,2,1,1,1,1,1,1,2,2,1,1,1,2,2,1,2
1,403,3.16,2.45,3.33,2.27,1,187,2,43,39,1,3,1,2.80,2.80,3.25,2.36,2.80,-0.07,0.24,0.34,0.11,0.15,2,2,2,2,2,2,2,3,2,1,2,2,3,2,1,2,3,2,1,1
1,404,3.56,1.78,3.19,1.69,1,78,1,36,61,2,3,1,2.67,2.44,3.38,1.74,2.56,0.52,-0.51,0.13,-0.53,-0.10,3,3,4,3,4,3,3,3,3,3,3,3,3,2,3,3,3,4,2,3
1,405,4.00,2.65,3.22,2.51,2,187,2,32,30,1,3,1,3.32,2.86,3.61,2.58,3.09,1.18,0.47,0.17,0.38,0.55,1,1,1,1,4,2,2,3,2,1,2,1,1,1,1,1,2,1,1,1
1,406,3.69,2.76,3.56,3.00,1,187,2,60,27,1,4,2,3.23,3.28,3.63,2.88,3.25,0.72,0.59,0.65,0.93,0.72,1,1,1,1,1,1,3,2,1,1,2,1,1,2,1,1,2,2,1,1
1,407,2.92,2.20,2.27,2.05,1,187,2,36,39,1,4,2,2.56,2.16,2.60,2.13,2.36,-0.43,-0.04,-1.15,-0.13,-0.44,2,2,2,2,1,2,2,2,2,2,2,3,3,2,2,1,2,2,2,1
1,408,3.21,2.81,3.22,2.62,2,187,2,47,58,2,4,2,3.01,2.92,3.22,2.72,2.97,0.00,0.65,0.18,0.51,0.33,2,4,3,4,2,2,3,4,3,3,2,2,4,4,3,3,1,3,3,3
1,409,3.16,2.32,3.06,1.40,1,187,2,47,69,2,4,2,2.74,2.23,3.11,1.86,2.49,-0.07,0.10,-0.05,-0.86,-0.22,3,4,4,4,3,3,4,4,2,3,4,4,4,4,3,3,4,4,3,2
1,410,3.83,2.74,4.00,2.88,2,187,2,49,24,1,5,2,3.29,3.44,3.92,2.81,3.36,0.93,0.57,1.27,0.80,0.89,2,2,1,2,1,1,1,1,1,1,1,1,1,2,1,1,1,1,1,1
1,411,3.32,2.97,3.39,2.99,2,187,2,50,51,2,4,2,3.15,3.19,3.35,2.98,3.17,0.16,0.83,0.41,0.92,0.58,2,4,2,2,3,3,1,1,2,2,2,3,4,3,3,3,4,3,2,2
1,412,2.50,1.14,2.00,1.30,2,187,2,52,60,2,3,1,1.82,1.65,2.25,1.22,1.74,-1.06,-1.23,-1.53,-0.97,-1.20,2,2,3,1,4,3,4,4,3,3,1,4,4,4,2,3,3,4,3,3
1,413,3.89,3.60,3.73,3.41,2,187,2,39,42,2,3,1,3.74,3.57,3.81,3.50,3.66,1.01,1.54,0.89,1.38,1.20,2,2,2,2,2,2,2,3,2,2,1,2,3,2,2,3,2,2,2,2
0,414,1.17,0.97,1.23,0.94,1,187,2,32,60,2,5,2,1.07,1.08,1.20,0.95,1.08,-3.04,-1.43,-2.62,-1.37,-2.11,3,3,3,3,2,3,3,3,3,3,3,4,3,4,3,2,4,4,2,2
0,415,0.83,0.50,0.78,0.53,1,187,2,36,33,1,4,2,0.67,0.66,0.81,0.52,0.66,-3.54,-1.95,-3.25,-1.82,-2.64,1,2,2,2,2,2,2,2,1,1,2,2,2,2,1,1,2,2,1,1
1,416,3.45,2.75,3.58,3.28,1,187,2,60,66,2,4,2,3.10,3.43,3.52,3.01,3.26,0.36,0.58,0.68,1.24,0.72,3,2,3,3,4,3,4,4,4,4,2,4,3,3,4,4,4,4,2,2
1,417,3.42,2.38,3.36,2.95,2,187,2,66,46,2,3,1,2.90,3.16,3.39,2.67,3.03,0.32,0.16,0.37,0.87,0.43,2,2,2,2,2,2,3,3,2,2,3,3,3,2,1,2,4,3,2,1
1,418,3.82,2.93,3.65,2.56,1,187,2,35,58,2,3,1,3.37,3.10,3.73,2.75,3.24,0.91,0.78,0.78,0.44,0.73,2,3,3,3,3,3,3,3,3,3,3,3,3,3,2,3,4,4,2,2
1,419,3.67,3.23,3.82,3.69,2,187,2,36,34,1,4,2,3.45,3.76,3.75,3.46,3.60,0.69,1.12,1.02,1.70,1.13,1,2,1,2,1,1,2,3,2,1,3,2,2,2,1,1,3,2,1,1
1,420,2.94,1.42,2.78,1.25,1,187,2,50,40,1,4,2,2.18,2.02,2.86,1.34,2.10,-0.40,-0.92,-0.44,-1.02,-0.70,2,2,1,2,3,2,1,2,2,2,2,3,3,3,1,2,3,2,1,1
1,421,3.46,1.93,3.23,2.30,2,187,2,68,51,2,3,1,2.70,2.77,3.35,2.12,2.73,0.38,-0.34,0.19,0.15,0.09,1,3,3,3,3,2,2,2,4,2,3,2,3,3,2,3,3,3,2,2
1,422,3.56,2.27,3.42,1.77,1,187,2,36,26,1,4,2,2.91,2.59,3.49,2.02,2.75,0.53,0.03,0.46,-0.45,0.14,1,1,1,2,1,1,1,2,1,1,2,1,1,2,1,1,2,2,1,1
1,423,3.75,2.65,3.40,2.59,1,187,2,46,34,1,4,2,3.20,3.00,3.58,2.62,3.10,0.81,0.47,0.43,0.47,0.54,2,2,2,2,1,2,2,2,1,1,2,2,2,2,1,1,3,2,1,1
1,424,3.38,2.87,3.18,2.54,1,187,2,42,43,2,3,1,3.12,2.86,3.28,2.70,2.99,0.25,0.71,0.12,0.41,0.37,2,3,2,3,2,2,2,3,2,2,2,2,2,2,2,2,2,2,2,2
1,425,3.22,2.32,3.07,1.58,2,75, ,31,55,2,3,1,2.77,2.33,3.14,1.95,2.55,0.01,0.10,-0.04,-0.65,-0.14,3,2,3,3,3,3,3,3,4,3,3,2,2,3,3,2,3,2,2,3
1,426,3.22,1.16,3.36,1.42,1,187,2,36,59,2,3,1,2.19,2.39,3.29,1.29,2.29,0.02,-1.21,0.37,-0.83,-0.42,3,2,3,3,3,4,3,4,3,3,3,3,4,3,2,3,3,3,2,2
1,427,3.30,0.56,3.33,0.60,2,187,2,72,40,1,4,2,1.93,1.97,3.32,0.58,1.95,0.14,-1.89,0.33,-1.75,-0.79,2,2,1,2,2,3,2,3,2,1,2,2,2,2,2,2,3,3,1,1
0,428,1.05,0.67,0.73,0.52,1,187,2,51,40,1,4,2,0.86,0.63,0.89,0.60,0.74,-3.22,-1.76,-3.31,-1.84,-2.53,2,2,2,2,2,2,2,2,2,2,2,2,2,2,2,2,2,2,2,2
1,429,3.14,2.77,2.83,2.39,2,187,2,37,31,1,4,2,2.96,2.61,2.99,2.58,2.78,-0.10,0.60,-0.37,0.25,0.09,2,2,1,2,2,2,1,2,1,1,1,1,1,2,2,2,2,2,1,1
1,430,2.10,2.00,2.06,2.07,2,187,2,30,68,2,4,2,2.05,2.06,2.08,2.03,2.05,-1.65,-0.27,-1.46,-0.11,-0.87,3,4,4,4,2,3,4,4,3,3,4,4,4,4,3,2,4,4,2,3
1,431,3.40,1.61,3.46,1.74,1,78,1,45,43,2,4,2,2.51,2.60,3.43,1.68,2.55,0.29,-0.70,0.51,-0.48,-0.10,2,3,2,3,2,3,2,2,2,2,2,2,2,3,1,2,1,2,2,3
0,432,0.90,0.67,0.97,0.84,2,187,2,36,63,2,3,1,0.78,0.91,0.93,0.76,0.84,-3.45,-1.76,-2.97,-1.48,-2.42,3,4,3,3,3,3,3,3,4,3,3,3,3,4,3,3,3,3,3,3
1,433,3.45,2.67,3.55,2.94,1,187,2,34,27,1,3,1,3.06,3.25,3.50,2.81,3.15,0.36,0.49,0.64,0.86,0.59,2,2,1,1,2,2,1,1,1,1,1,1,1,1,1,1,2,1,2,2
1,434,3.45,3.04,3.26,3.01,2,187,2,35,34,1,3,1,3.25,3.14,3.36,3.03,3.19,0.36,0.91,0.23,0.94,0.61,2,1,1,1,3,2,1,2,3,2,1,1,1,1,2,2,2,2,2,2
1,435,3.74,3.19,3.49,2.70,1,187,2,34,38,1,4,2,3.47,3.10,3.62,2.95,3.28,0.79,1.08,0.55,0.59,0.75,3,2,1,2,1,2,1,3,3,2,2,2,1,3,1,1,3,3,1,1
1,436,3.32,3.15,3.31,3.12,2,187,2,51,40,1,1,1,3.24,3.21,3.31,3.14,3.22,0.17,1.03,0.30,1.06,0.64,2,2,3,2,1,2,2,3,2,2,2,3,2,2,1,2,1,2,2,2
1,437,3.29,1.89,3.24,2.59,1,78,1,26,63,2,5,2,2.59,2.91,3.27,2.24,2.75,0.12,-0.39,0.20,0.47,0.10,2,4,4,4,2,3,4,3,3,2,4,4,3,2,3,3,4,3,3,3
1,438,3.07,1.30,0.87,0.51,2,187,2,40,57,2,5,2,2.19,0.69,1.97,0.90,1.44,-0.20,-1.05,-3.12,-1.85,-1.56,2,3,2,3,3,2,2,3,3,2,4,3,3,4,2,3,4,4,2,3
0,439,1.14,0.94,1.27,0.92,2,187,2,46,58,2,5,2,1.04,1.10,1.21,0.93,1.07,-3.08,-1.46,-2.56,-1.39,-2.12,2,3,3,4,3,2,3,3,2,2,4,4,4,4,2,2,3,4,2,2
1,440,1.50,1.28,1.71,1.53,1,187,2,44,45,2,1,1,1.39,1.62,1.60,1.41,1.51,-2.55,-1.07,-1.94,-0.71,-1.57,3,2,3,2,3,2,1,2,2,2,1,3,3,2,2,2,3,3,2,2
1,441,3.47,2.72,3.25,2.61,1,187,2,60,40,1,3,1,3.10,2.93,3.36,2.67,3.01,0.39,0.55,0.22,0.49,0.41,2,3,2,2,2,2,2,2,2,2,2,2,2,2,2,2,2,1,2,2
1,442,3.35,2.49,3.15,2.45,1,187,2,34,67,2,3,1,2.92,2.80,3.25,2.47,2.86,0.22,0.29,0.07,0.32,0.23,3,4,4,4,3,2,4,3,3,3,3,4,4,4,3,3,4,3,3,3
1,443,2.90,0.95,2.40,1.28,2,187,2,40,21,1,2,1,1.93,1.84,2.65,1.12,1.88,-0.46,-1.45,-0.97,-0.99,-0.97,1,1,1,2,1,1,1,1,1,1,1,1,1,1,1,1,1,1,1,1
1,444,2.97,1.81,2.79,2.13,1,78,1,28,36,1,4,2,2.39,2.46,2.88,1.97,2.42,-0.35,-0.48,-0.43,-0.04,-0.33,2,4,2,2,2,1,1,2,2,1,2,1,2,1,1,1,3,2,1,3
1,445,3.56,0.85,3.54,1.92,2,78,1,59,60,2,2,1,2.20,2.73,3.55,1.38,2.46,0.52,-1.56,0.62,-0.28,-0.17,2,3,3,3,3,3,3,4,3,3,3,3,3,3,3,3,4,3,3,2
1,446,3.32,1.46,3.29,1.49,1,78,1,37,41,1,3,1,2.39,2.39,3.31,1.48,2.39,0.17,-0.87,0.27,-0.76,-0.30,2,2,2,3,1,2,2,2,2,1,3,2,3,2,3,2,2,2,1,2
1,447,3.26,2.11,3.24,2.38,1,187,2,58,41,1,4,2,2.69,2.81,3.25,2.25,2.75,0.08,-0.14,0.20,0.24,0.09,2,2,2,3,2,2,2,3,1,2,2,2,3,2,1,2,2,2,2,2
1,448,3.62,0.74,3.76,0.42,2,78,1,24,46,2,2,1,2.18,2.09,3.69,0.58,2.14,0.61,-1.68,0.93,-1.95,-0.52,2,3,2,2,2,2,3,3,2,1,3,3,3,3,2,2,2,3,2,1
1,449,3.28,2.25,2.87,2.42,1,187,2,35,50,2,4,2,2.77,2.65,3.08,2.34,2.71,0.11,0.02,-0.31,0.28,0.02,3,2,2,3,2,2,3,3,2,2,3,3,3,3,2,2,3,3,2,2
1,450,4.00,2.89,2.93,1.40,1,187,2,31,65,2,4,2,3.44,2.17,3.47,2.15,2.81,1.18,0.74,-0.23,-0.85,0.21,3,4,3,4,3,3,3,4,3,3,4,4,4,4,2,3,4,3,2,2
1,451,3.43,2.81,3.34,2.65,1,187,2,46,42,2,3,1,3.12,3.00,3.39,2.73,3.06,0.33,0.65,0.34,0.54,0.47,2,3,2,2,2,2,2,3,2,2,2,1,2,3,2,2,4,2,1,1
1,452,3.66,2.84,3.63,2.83,2,187,2,53,47,2,4,2,3.25,3.23,3.65,2.84,3.24,0.67,0.68,0.75,0.74,0.71,2,2,3,2,2,3,3,4,2,2,2,2,4,2,2,2,1,3,2,2
1,453,2.86,0.45,3.27,1.83,2,187,2,32,42,2,3,1,1.66,2.55,3.07,1.14,2.10,-0.52,-2.01,0.25,-0.38,-0.66,3,1,1,2,3,2,3,2,2,2,2,1,2,1,4,2,4,2,2,1
1,454,3.64,2.47,3.60,2.27,2,187,2,34,36,1,4,2,3.06,2.94,3.62,2.37,3.00,0.65,0.27,0.71,0.12,0.44,2,2,2,2,2,2,1,2,2,2,2,2,2,2,1,1,3,2,1,1
0,455,0.39,0.30,0.32,0.21,1,187,2,41,51,2,4,2,0.35,0.27,0.36,0.26,0.31,-4.20,-2.18,-3.89,-2.19,-3.11,3,3,2,3,2,2,2,3,3,2,3,3,3,3,2,2,4,3,2,1
1,456,3.70,3.21,3.56,2.84,1,187,2,34,21,1,4,2,3.46,3.20,3.63,3.02,3.33,0.74,1.10,0.65,0.75,0.81,1,1,1,1,1,1,1,1,1,1,1,1,1,1,1,1,2,1,1,1
1,457,3.25,2.62,2.97,2.63,1,78,1,32,45,2,2,1,2.94,2.80,3.11,2.63,2.87,0.06,0.43,-0.17,0.52,0.21,2,3,2,2,2,3,2,2,2,2,2,3,2,1,3,2,1,2,3,4
1,458,3.09,0.96,3.09,0.68,1,78,1,37,34,1,3,1,2.03,1.89,3.09,0.82,1.96,-0.18,-1.44,-0.01,-1.66,-0.82,1,2,2,2,2,1,1,1,2,1,2,2,2,2,2,1,3,2,1,2
1,459,3.53,3.31,3.42,3.22,2,187,2,28,63,2,5,2,3.42,3.32,3.48,3.27,3.37,0.48,1.21,0.46,1.17,0.83,3,4,3,4,3,3,4,3,3,3,4,3,3,4,3,2,4,3,2,2
1,460,3.55,2.99,3.68,3.10,1,78,1,31,38,1,2,1,3.27,3.39,3.62,3.05,3.33,0.51,0.85,0.82,1.04,0.81,2,2,2,2,1,2,2,3,2,2,2,2,2,2,2,2,2,2,1,1
1,461,3.54,2.96,3.61,3.05,1,187,2,41,23,1,3,1,3.25,3.33,3.58,3.00,3.29,0.50,0.82,0.73,0.98,0.76,1,1,1,1,1,1,1,1,2,1,1,1,1,1,1,1,2,1,2,1
1,462,3.36,2.41,3.10,1.51,2,187,2,49,45,2,4,2,2.89,2.31,3.23,1.96,2.60,0.23,0.20,0.01,-0.73,-0.08,2,2,1,3,2,3,2,3,2,2,2,1,3,3,1,3,3,3,2,2
1,463,3.43,1.96,3.42,1.61,2,187,2,41,44,2,4,2,2.70,2.52,3.43,1.79,2.61,0.33,-0.31,0.46,-0.62,-0.04,2,2,2,3,2,2,1,3,4,2,2,1,2,3,1,2,4,2,2,2
1,464,2.68,2.09,2.15,2.11,2,187,2,37,43,2,3,1,2.39,2.13,2.42,2.10,2.26,-0.79,-0.16,-1.32,-0.06,-0.58,2,2,3,2,2,2,2,2,2,2,2,2,3,2,2,3,2,2,2,2
1,465,2.47,0.93,2.78,0.47,2,187,2,39,61,2,2,1,1.70,1.63,2.63,0.70,1.66,-1.10,-1.47,-0.44,-1.89,-1.23,3,3,3,2,3,3,4,3,3,3,3,3,3,3,2,3,4,4,3,3
1,466,4.00,2.72,4.00,2.49,2,187,2,57,54,2,2,1,3.36,3.25,4.00,2.61,3.30,1.18,0.54,1.27,0.36,0.84,3,1,3,2,3,2,2,3,4,3,3,3,3,2,4,3,1,4,2,3
1,467,3.76,3.32,3.58,3.22,1,191, ,52,43,2,3,1,3.54,3.40,3.67,3.27,3.47,0.81,1.23,0.67,1.17,0.97,2,2,2,1,3,3,3,2,3,3,2,2,1,1,2,3,2,3,1,2
1,468,3.58,3.36,3.48,3.14,2,187,2,42,29,1,4,2,3.47,3.31,3.53,3.25,3.39,0.55,1.26,0.55,1.08,0.86,1,2,1,2,2,2,1,2,2,2,1,1,1,1,2,1,2,1,1,1
1,469,3.60,2.69,3.07,2.18,2,187,2,33,31,1,3,1,3.15,2.63,3.34,2.44,2.89,0.58,0.51,-0.03,0.01,0.27,2,2,1,1,1,2,1,2,3,2,2,1,1,1,1,1,3,1,2,1
1,470,2.98,1.00,3.08,1.20,2,187,2,37,45,2,4,2,1.99,2.14,3.03,1.10,2.06,-0.34,-1.39,-0.02,-1.08,-0.71,3,2,2,2,3,3,2,2,3,3,2,1,1,1,3,3,2,1,3,3
1,471,4.00,3.64,4.00,3.41,2,187,2,62,50,2,5,2,3.82,3.70,4.00,3.53,3.76,1.18,1.58,1.27,1.38,1.35,1,4,3,4,2,2,2,3,2,2,3,3,3,3,3,2,2,2,2,2
1,472,3.70,3.33,3.79,3.39,1,78,1,46,60,2,3,1,3.52,3.59,3.75,3.36,3.55,0.73,1.23,0.98,1.36,1.08,3,3,3,2,2,2,3,3,3,3,4,3,4,3,2,3,4,4,3,3
1,473,2.47,1.64,2.58,1.64,1,187,2,35,56,2,4,2,2.06,2.11,2.53,1.64,2.08,-1.10,-0.67,-0.72,-0.58,-0.77,2,4,2,4,3,2,3,3,3,3,3,3,3,4,2,2,4,3,2,1
1,474,4.00,3.09,4.00,3.08,1,24, ,36,35,1,3,1,3.55,3.54,4.00,3.09,3.54,1.18,0.96,1.27,1.02,1.11,1,3,2,3,1,1,2,2,1,1,2,2,2,2,2,1,3,2,1,1
1,475,3.32,2.03,2.19,1.42,2,78,1,34,28,1,3,1,2.68,1.81,2.76,1.73,2.24,0.17,-0.23,-1.26,-0.83,-0.54,1,1,1,2,1,1,1,2,1,1,1,1,3,2,1,1,1,3,1,2
1,476,2.51,0.94,2.51,0.98,2,187,2,44,46,2,4,2,1.72,1.75,2.51,0.96,1.74,-1.04,-1.46,-0.81,-1.32,-1.16,2,3,2,3,3,2,2,2,2,2,2,2,2,3,2,3,3,2,2,2
1,477,1.49,3.19,1.22,3.08,1,78,1,34,42,2,3,1,2.34,2.15,1.36,3.14,2.25,-2.56,1.08,-2.63,1.02,-0.77,3,3,3,2,1,2,3,2,2,1,2,2,2,3,2,1,2,2,2,2
1,478,3.38,2.00,1.89,1.10,2,187,2,37,62,2,5,2,2.69,1.50,2.63,1.55,2.09,0.25,-0.27,-1.69,-1.19,-0.72,3,4,3,4,4,3,3,3,3,3,3,3,3,3,4,2,4,2,3,2
1,479,3.45,2.53,3.46,2.76,1,187,2,56,42,2,3,1,2.99,3.11,3.46,2.65,3.05,0.36,0.33,0.51,0.66,0.47,2,2,3,3,2,2,2,3,1,1,2,2,3,3,1,2,3,3,1,1
1,480,3.76,3.49,3.62,3.33,1,187,2,64,25,1,1,1,3.63,3.47,3.69,3.41,3.55,0.83,1.42,0.74,1.30,1.07,1,2,1,2,1,1,1,2,1,1,1,1,1,1,1,1,2,2,1,1
1,481,3.41,0.52,3.21,0.76,1,187,2,43,30,1,4,2,1.97,1.99,3.31,0.64,1.98,0.30,-1.93,0.16,-1.57,-0.76,1,1,1,2,2,2,1,2,2,2,2,1,1,2,1,1,2,2,1,1
1,482,3.36,3.10,3.34,3.00,2,187,2,32,25,1,1,1,3.23,3.17,3.35,3.05,3.20,0.22,0.97,0.35,0.93,0.62,1,1,1,2,1,1,1,1,3,1,1,1,1,1,1,1,2,2,1,1
0,483,0.94,0.45,0.97,0.41,1,187,2,32,51,2,4,2,0.70,0.69,0.96,0.43,0.69,-3.38,-2.01,-2.98,-1.96,-2.58,1,3,3,3,2,2,3,3,2,2,3,2,3,3,3,2,4,3,2,2
1,484,3.03,2.37,2.86,2.35,2,187,2,41,22,1,4,2,2.70,2.61,2.95,2.36,2.65,-0.27,0.15,-0.33,0.20,-0.06,1,1,1,1,1,1,1,1,2,1,1,1,1,2,1,1,1,1,1,1
1,485,2.72,0.86,2.81,0.83,2,187,2,50,52,2,2,1,1.79,1.82,2.77,0.85,1.81,-0.73,-1.55,-0.40,-1.49,-1.04,2,3,3,3,3,2,3,3,2,3,3,4,3,3,2,2,2,2,2,2
0,486,0.98,0.91,0.96,0.87,2,187,2,27,48,2,4,2,0.95,0.91,0.97,0.89,0.93,-3.32,-1.49,-2.99,-1.45,-2.31,2,3,2,3,3,2,3,2,2,2,3,2,2,3,2,2,3,3,2,2
1,487,3.09,2.34,3.16,2.60,1,187,2,39,21,1,1,1,2.71,2.88,3.12,2.47,2.80,-0.18,0.11,0.09,0.48,0.13,1,1,1,1,1,1,1,1,1,1,1,1,1,1,1,1,2,1,1,1
1,488,3.45,0.44,3.10,0.83,2,78,1,37,40,1,3,1,1.95,1.96,3.28,0.63,1.96,0.36,-2.02,0.01,-1.50,-0.79,2,2,2,3,2,3,1,2,2,1,2,1,1,2,3,2,3,3,1,2
1,489,3.23,2.45,3.19,2.31,2,187,2,61,24,1,3,1,2.84,2.75,3.21,2.38,2.80,0.03,0.25,0.13,0.16,0.14,1,1,1,2,1,1,1,1,1,1,2,1,1,1,1,1,2,2,1,1
1,490,4.00,4.00,4.00,4.00,1,187,2,40,27,1,3,1,4.00,4.00,4.00,4.00,4.00,1.18,1.99,1.27,2.05,1.62,1,2,1,1,2,2,1,2,2,1,1,1,1,1,1,1,2,2,1,1
1,491,3.60,3.13,3.57,3.09,1,187,2,45,40,1,4,2,3.37,3.33,3.59,3.11,3.35,0.58,1.01,0.67,1.03,0.82,2,2,2,2,2,2,2,2,2,2,2,2,2,2,2,2,2,2,2,2
1,492,2.87,0.85,2.80,0.84,2,187,2,50,41,1,3,1,1.86,1.82,2.84,0.85,1.84,-0.50,-1.56,-0.41,-1.48,-0.99,2,1,1,1,4,3,1,1,4,4,1,1,1,1,3,4,1,1,3,3
1,493,3.17,1.64,3.12,1.49,1,187,2,47,77,2,3,1,2.41,2.30,3.14,1.57,2.36,-0.05,-0.67,0.03,-0.75,-0.36,3,4,4,4,4,3,4,4,4,4,3,4,4,4,4,4,4,4,4,4
1,494,3.42,1.07,3.35,1.65,2,187,2,75,73,2,5,2,2.25,2.50,3.39,1.36,2.37,0.32,-1.31,0.36,-0.58,-0.30,3,4,4,4,3,4,4,4,2,3,4,4,4,4,4,4,3,4,3,4
1,495,2.33,0.51,2.96,0.61,1,78,1,30,47,2,2,1,1.42,1.79,2.65,0.56,1.60,-1.31,-1.94,-0.19,-1.74,-1.29,1,2,3,4,3,3,2,1,2,2,4,1,3,1,3,2,4,2,2,2
1,496,3.91,3.13,3.84,3.20,2,78,1,52,24,1,3,1,3.52,3.52,3.87,3.16,3.52,1.04,1.00,1.05,1.15,1.06,1,1,1,1,1,2,1,1,2,1,1,1,1,1,1,1,3,1,1,1
1,497,3.32,3.01,3.49,3.16,2,187,2,44,30,1,4,2,3.17,3.33,3.41,3.09,3.25,0.17,0.87,0.55,1.11,0.68,1,3,2,2,2,2,1,1,1,1,2,1,1,3,1,1,1,2,1,1
1,498,3.61,3.24,3.56,3.23,1,187,2,35,30,1,4,2,3.43,3.40,3.59,3.24,3.41,0.60,1.13,0.65,1.19,0.89,1,2,1,2,1,1,1,2,1,2,2,2,2,2,1,2,1,2,1,1
1,499,2.91,3.01,2.54,2.94,2,187,2,37,47,2,5,2,2.96,2.74,2.73,2.98,2.85,-0.44,0.87,-0.78,0.86,0.13,2,3,2,3,3,2,3,3,2,2,3,3,3,3,1,2,2,3,1,1
1,500,4.00,2.64,4.00,2.45,2,187,2,30,33,1,3,1,3.32,3.22,4.00,2.54,3.27,1.18,0.45,1.27,0.32,0.80,1,2,1,2,2,2,1,2,2,1,2,1,1,2,1,1,4,3,1,1
1,501,3.53,2.40,3.19,1.66,2,187,2,69,27,1,3,1,2.97,2.43,3.36,2.03,2.70,0.48,0.19,0.13,-0.57,0.06,1,1,1,2,2,1,1,2,1,1,1,1,1,1,1,1,3,3,1,1
1,502,3.40,2.84,3.42,2.63,1,187,2,30,34,1,4,2,3.12,3.03,3.41,2.74,3.07,0.29,0.68,0.46,0.52,0.48,1,2,2,2,1,2,2,1,1,2,2,1,2,2,2,2,3,2,1,1
1,503,1.82,1.47,1.73,1.41,1,187,2,54,43,2,4,2,1.65,1.57,1.78,1.44,1.61,-2.07,-0.86,-1.91,-0.85,-1.42,2,3,2,3,2,2,2,3,3,2,2,1,2,2,2,2,4,2,1,1
