ID,avg_responsefriend_approached,avg_responsestranger_approached,avg_responsefriend_approaching,avg_responsestranger_approaching,gender,age,UCLA,COVID_LONELINESS,loneliness_L1_H2,covid_loneliness_1L_2H,ucla_1_REV,ucla_2,ucla_3,ucla_4,ucla_5_REV,ucla_6_REV,ucla_7,ucla_8,ucla_9_REV,ucla_10_REV,ucla_11,ucla_12,ucla_13,ucla_14,ucla_15_REV,ucla_16_REV,ucla_17,ucla_18,ucla_19_REV,ucla_20_REV,Zavg_responsefriend1,Zavg_responsestranger1,Zavg_responsefriend2,Zavg_responsestranger2,response_avg_z
1,3.61,2.98,3.59,3.04,2,29,35,3,1,1,1,3,2,2,1,1,3,2,1,2,2,2,2,2,1,2,2,2,1,1,0.600564081,0.833797028,0.688291231,0.974485708,0.774284512
2,2.79,1.31,2.72,1.19,2,27,21,3,1,1,1,1,1,1,1,1,1,1,2,1,1,1,1,1,1,1,1,1,1,1,-0.616673545,-1.03594031,-0.526788854,-1.094362665,-0.818441344
3,0.73,0.59,0.67,0.57,2,32,39,3,1,1,2,2,2,2,1,2,2,2,2,2,2,2,2,2,2,2,3,2,1,2,-3.697632328,-1.855231732,-3.394194076,-1.781808647,-2.682216696
4,3.42,3.46,3.59,3.41,2,24,34,4,1,2,1,3,2,2,1,1,2,2,1,1,3,2,2,2,2,1,2,2,1,1,0.315559891,1.379066671,0.69475993,1.386940333,0.944081706
5,3.28,2.72,3.20,2.74,1,33,38,3,1,1,1,2,1,2,1,2,1,3,2,2,2,2,3,3,1,2,3,3,1,1,0.099799315,0.543698257,0.153909243,0.63441243,0.357954811
6,3.22,2.97,3.28,2.99,1,35,30,4,1,2,1,2,2,2,1,1,2,2,2,1,1,1,1,2,1,1,2,2,2,1,0.017445192,0.8275012,0.260257354,0.91809306,0.505824201
7,4.00,1.06,4.00,0.68,1,34,33,3,1,1,1,1,1,2,1,3,1,2,2,2,2,2,3,1,1,1,3,2,1,1,1.18009252,-1.322478493,1.269424626,-1.660566944,-0.133382073
8,1.26,1.33,1.53,1.52,1,36,27,3,1,1,1,1,1,2,1,1,1,2,1,1,2,2,2,2,1,1,2,1,1,1,-2.908171438,-1.013370426,-2.191003013,-0.722028199,-1.708643269
9,3.46,2.70,3.67,2.81,2,32,25,3,1,1,2,2,1,1,1,1,1,1,2,1,2,1,1,1,1,1,2,1,1,1,0.375901112,0.521006665,0.808433945,0.712283695,0.604406354
10,3.22,1.47,3.28,1.37,1,33,37,2,1,1,2,2,3,3,1,1,2,1,1,1,2,2,3,1,2,2,1,3,2,2,0.010353618,-0.860427747,0.265198723,-0.887697493,-0.368143224
11,3.46,2.53,3.14,1.72,1,29,40,4,1,2,2,2,2,2,2,1,2,2,2,2,2,2,2,3,2,2,2,2,2,2,0.372742135,0.335974593,0.066816194,-0.49965381,0.068969778
12,4.00,4.00,4.00,4.00,1,29,36,4,1,2,2,2,2,2,2,2,2,3,2,2,1,1,2,2,1,2,2,2,1,1,1.18009252,1.986914333,1.269424626,2.045559122,1.62049765
13,2.94,1.14,2.53,2.43,2,29,32,3,1,1,2,2,2,1,2,1,1,2,2,1,2,1,2,1,2,1,2,2,1,2,-0.399915387,-1.232426988,-0.790958555,0.292963362,-0.532584392
14,3.84,3.11,3.59,3.28,2,39,33,4,1,2,1,2,1,3,2,2,1,1,2,2,1,1,1,3,2,1,4,1,1,1,0.94160076,0.985091335,0.69475993,1.241820939,0.965818241
15,3.81,2.51,3.44,2.92,2,32,26,4,1,2,1,1,1,2,1,2,1,1,1,1,1,1,1,1,1,1,3,2,1,2,0.896883555,0.309705044,0.484516748,0.839951847,0.632764299
16,3.70,3.15,2.96,2.18,2,39,30,4,1,2,2,4,1,2,1,1,1,1,2,1,2,1,1,1,1,1,3,2,1,1,0.733050966,1.029441697,-0.194305893,0.008961822,0.394287148
17,3.14,0.51,2.77,0.60,1,39,24,2,1,1,2,1,1,2,1,1,1,2,1,1,1,1,1,1,1,1,2,1,1,1,-0.101800688,-1.941582593,-0.454569464,-1.749871187,-1.061955983
18,2.88,1.60,3.13,1.46,2,40,37,1,1,1,2,2,1,2,4,2,2,4,2,1,3,1,1,1,1,1,3,1,2,1,-0.493963175,-0.711107585,0.045630657,-0.790013153,-0.487363314
19,3.36,1.46,3.39,1.79,2,29,32,2,1,1,2,2,2,1,2,2,1,1,2,2,1,1,3,1,2,1,1,1,2,2,0.22809662,-0.869986706,0.411281914,-0.419866684,-0.162618714
20,3.15,1.41,2.92,1.17,1,38,36,4,1,2,2,3,2,2,1,2,2,2,2,2,2,2,2,2,1,1,1,3,1,1,-0.080051606,-0.930958417,-0.242694411,-1.109222872,-0.590731826
21,3.16,1.75,3.60,2.31,1,34,39,3,1,1,2,2,2,2,2,2,2,1,1,2,2,2,3,2,2,3,1,2,2,2,-0.068066401,-0.548651839,0.702151706,0.163154841,0.062147077
22,3.16,1.88,2.26,1.58,1,35,31,3,1,1,1,2,3,1,1,1,1,2,2,1,1,2,2,1,1,1,3,2,1,2,-0.070029167,-0.404571553,-1.170922461,-0.659470656,-0.576248459
23,3.08,0.96,3.52,0.57,1,31,40,2,1,1,1,3,1,2,1,2,2,3,1,2,2,3,3,2,2,2,3,2,2,1,-0.184453132,-1.433199637,0.598013184,-1.782467361,-0.700526736
24,3.46,1.25,3.25,1.28,1,26,27,3,1,1,1,1,1,1,1,2,1,1,1,1,1,1,1,1,1,4,1,1,4,1,0.375182831,-1.108606168,0.218208718,-0.990785125,-0.376499936
25,3.47,2.40,3.15,2.31,2,35,22,3,1,1,1,1,1,1,1,1,1,1,1,1,1,1,1,1,1,1,3,1,1,1,0.394001347,0.18729115,0.073316184,0.156774224,0.202845726
26,2.89,1.17,2.68,2.06,1,34,30,4,1,2,1,1,1,1,1,2,1,2,1,1,2,2,2,2,1,2,3,2,1,1,-0.470717742,-1.198179344,-0.586129209,-0.120613095,-0.593909848
27,3.15,2.06,3.28,2.15,2,40,22,2,1,1,1,1,1,1,1,1,1,1,1,1,1,1,1,1,1,1,3,1,1,1,-0.081221518,-0.199450316,0.264956114,-0.020712812,-0.009107133
28,1.02,0.99,0.98,0.99,1,38,23,3,1,1,2,1,1,1,1,1,1,1,2,1,1,1,1,1,1,1,2,1,1,1,-3.261816503,-1.40127356,-2.963471433,-1.314513004,-2.235268625
29,3.52,2.70,3.24,2.67,1,32,25,1,1,1,1,1,1,1,1,1,1,3,1,1,1,1,1,1,1,1,3,2,1,1,0.467256268,0.519822597,0.202147049,0.557114181,0.436585024
30,3.64,2.68,3.43,2.52,2,39,40,4,1,2,2,2,2,2,2,2,1,2,2,2,2,2,2,2,2,2,3,2,2,2,0.648883735,0.495658702,0.475230842,0.394812717,0.503646499
31,3.08,1.44,2.67,2.48,1,33,35,2,1,1,2,1,2,2,2,2,1,2,1,1,2,1,3,1,2,1,2,1,3,3,-0.191235098,-0.894733842,-0.594731585,0.348778513,-0.332980503
32,3.18,2.58,3.28,2.92,1,40,28,4,1,2,1,1,1,2,2,2,1,2,1,1,1,1,2,3,1,1,1,2,1,1,-0.036287929,0.384031323,0.255661773,0.837331978,0.360184286
33,3.34,2.13,3.19,1.19,2,35,27,1,1,1,1,2,2,2,1,1,1,1,1,1,1,3,2,2,1,1,1,1,1,1,0.196314012,-0.118039607,0.134111445,-1.091252398,-0.219716637
34,3.27,3.10,3.46,3.09,2,34,29,3,1,1,1,2,1,2,1,1,1,2,2,1,2,2,1,1,1,1,3,2,1,1,0.091973867,0.973834897,0.512549172,1.029723363,0.652020325
35,3.26,0.98,3.32,1.03,2,38,24,3,1,1,2,1,1,1,1,2,1,1,2,1,1,1,1,1,1,1,2,1,1,1,0.077068132,-1.412529999,0.316322202,-1.269860883,-0.572250137
36,3.24,2.81,3.42,2.71,2,37,33,3,1,1,2,1,1,2,2,2,1,2,3,1,3,1,1,2,1,1,4,1,1,1,0.042896514,0.652891212,0.461317234,0.60330539,0.440102587
37,3.13,1.88,3.35,1.75,1,37,40,2,1,1,1,3,1,2,2,2,3,3,2,1,2,1,3,2,2,2,3,1,2,2,-0.116706423,-0.399450562,0.358370839,-0.4661227,-0.155977212
38,3.31,1.98,3.29,1.97,2,39,38,3,1,1,2,2,2,2,2,2,1,2,2,2,1,1,2,2,2,2,3,2,2,2,0.152845883,-0.282390619,0.273771585,-0.21835306,-0.018531553
39,3.33,1.53,3.43,1.61,1,34,31,5,1,2,1,2,2,2,1,1,2,2,1,1,2,2,2,2,1,1,2,2,1,1,0.184202874,-0.789908347,0.472778015,-0.623521464,-0.18911223
40,3.49,3.24,3.41,3.17,1,39,37,4,1,2,2,2,2,2,2,2,2,2,1,1,2,2,2,2,1,1,3,3,2,1,0.419900036,1.131425031,0.442468111,1.119027605,0.778205196
41,3.27,1.40,2.97,0.98,2,31,34,2,1,1,2,2,2,2,2,1,2,1,1,2,2,1,2,1,2,1,3,2,2,1,0.096834732,-0.944761047,-0.178479148,-1.324292513,-0.587674494
42,3.69,2.81,3.65,2.96,1,30,30,3,1,1,2,1,2,1,2,2,1,1,2,2,1,1,2,1,1,2,2,1,2,1,0.723064777,0.651542631,0.774650438,0.885035702,0.758573387
43,0.67,0.34,0.57,0.34,1,36,36,4,1,2,2,2,2,2,3,2,1,2,1,2,1,2,2,2,2,2,3,1,1,1,-3.786622338,-2.137929408,-3.543106705,-2.040676599,-2.877083763
44,3.61,2.99,3.53,2.94,1,35,25,3,1,1,1,2,1,1,1,1,1,1,1,2,1,1,1,1,1,1,4,1,1,1,0.602885782,0.846430216,0.617087084,0.862489293,0.732223093
45,3.83,3.12,3.82,3.05,1,29,27,4,1,2,1,2,1,2,1,1,1,2,1,1,1,1,1,2,1,1,3,2,1,1,0.926695025,0.996347773,1.017132808,0.985071242,0.981311712
46,3.39,2.35,3.07,1.51,1,39,30,2,1,1,1,2,2,1,1,1,1,2,1,1,2,2,2,1,3,1,1,2,1,2,0.267274468,0.134103101,-0.037072033,-0.734726889,-0.092605338
47,3.65,2.98,3.55,3.24,1,35,36,3,1,1,2,2,2,3,1,1,2,2,1,2,2,2,1,1,3,1,1,3,2,2,0.658391796,0.838757638,0.638695081,1.197168818,0.833253333
48,3.26,2.87,3.13,2.92,2,40,22,1,1,1,1,1,1,2,1,1,1,1,1,1,1,1,1,1,1,1,2,1,1,1,0.077068132,0.714936818,0.050014172,0.839951847,0.420492742
49,0.97,0.71,0.87,0.56,2,31,30,4,1,2,1,2,1,2,2,2,1,2,2,2,2,1,1,1,1,1,3,1,1,1,-3.330147212,-1.711056442,-3.115093674,-1.796947842,-2.488311292
50,3.49,2.34,3.41,2.44,1,38,30,4,1,2,1,2,1,2,1,2,2,2,1,1,1,1,2,2,1,1,3,2,1,1,0.419900036,0.118345595,0.442468111,0.304126392,0.321210034
51,3.07,1.50,3.25,1.97,2,32,35,3,1,1,1,2,1,2,2,2,2,2,1,1,2,2,2,2,2,2,3,2,1,1,-0.207714201,-0.827797445,0.219536719,-0.216797828,-0.258193189
52,3.64,3.02,3.58,2.98,1,39,23,1,1,1,1,1,1,1,1,1,1,1,1,1,1,1,1,2,1,1,2,2,1,1,0.648876983,0.879367269,0.681030999,0.904019995,0.778323811
53,3.52,3.18,3.34,2.98,1,37,39,4,1,2,2,3,2,2,2,2,2,3,1,1,2,2,2,2,1,2,2,4,1,1,0.465882367,1.068586518,0.343102696,0.901989557,0.694890284
54,3.62,1.94,3.29,1.52,1,35,36,4,1,2,2,2,1,2,2,2,2,2,1,2,2,2,2,3,1,1,3,2,1,1,0.613674591,-0.331911933,0.274273566,-0.722872397,-0.041709043
55,3.63,2.56,3.67,3.15,1,40,32,4,1,2,3,2,1,2,1,1,1,2,1,1,1,2,2,1,1,4,2,2,1,1,0.628580326,0.365987235,0.806889626,1.096701545,0.724539683
56,3.65,3.18,3.66,3.14,1,34,25,3,1,1,1,1,1,1,1,2,1,2,2,2,1,1,1,1,1,1,2,1,1,1,0.655896101,1.064930454,0.7929661,1.084768933,0.899640397
57,3.67,3.64,3.70,3.14,1,33,37,3,1,1,2,2,2,2,1,2,2,3,2,2,2,2,2,2,1,2,2,2,1,1,0.688203266,1.581682559,0.848938263,1.085538514,1.05109065
58,3.64,2.81,3.63,3.12,2,34,35,4,1,2,2,2,1,2,2,2,2,3,2,1,2,1,2,2,1,1,3,2,1,1,0.639857428,0.646031026,0.753247021,1.062853826,0.775497325
59,3.41,2.60,3.46,2.94,2,35,34,2,1,1,2,1,1,2,1,2,1,1,2,2,2,2,2,3,1,2,3,2,1,1,0.293940082,0.408041975,0.507829038,0.856786287,0.516649346
60,3.38,2.85,3.15,2.72,1,37,40,3,1,1,2,3,2,3,2,2,1,3,2,1,3,2,2,2,1,1,4,2,1,1,0.255936951,0.692423942,0.078046596,0.616691241,0.410774683
61,3.21,1.54,3.62,1.97,2,36,31,4,1,2,2,1,1,1,1,2,2,2,2,1,2,1,2,1,1,2,4,1,1,1,0.007756498,-0.78174735,0.741363846,-0.218861668,-0.062872169
62,3.55,3.09,3.53,3.12,2,36,33,4,1,2,1,2,2,1,1,3,1,3,1,1,3,2,2,1,1,1,1,3,2,1,0.509334446,0.962578458,0.610662657,1.063212454,0.786447004
63,3.27,3.64,3.59,3.57,2,32,37,4,1,2,1,2,2,2,1,1,2,2,2,2,2,2,2,2,1,2,3,2,2,2,0.091973867,1.581682559,0.69475993,1.565548818,0.983491293
64,3.40,0.86,3.14,1.32,2,35,38,4,1,2,2,3,2,2,2,2,2,1,2,2,2,1,1,2,1,2,3,2,2,2,0.280577068,-1.552234418,0.065619522,-0.94558894,-0.537906692
65,3.40,1.62,3.51,1.16,2,32,31,1,1,1,1,4,1,1,1,1,1,1,1,1,1,1,4,2,1,1,1,4,2,1,0.286099679,-0.689306057,0.577649043,-1.121138689,-0.236674006
66,3.59,3.37,3.67,3.52,1,36,38,3,1,1,2,2,1,2,2,3,1,3,3,2,2,1,3,2,1,2,2,2,1,1,0.568957386,1.277758728,0.806889626,1.509733667,1.040834852
67,3.69,2.81,3.66,2.28,2,36,29,4,1,2,1,1,1,1,1,1,2,2,1,1,2,2,1,2,1,2,2,3,1,1,0.718014736,0.647398189,0.792873414,0.125517907,0.570951062
68,3.62,2.40,3.67,2.54,1,39,39,4,1,2,2,2,2,2,2,2,2,3,2,2,2,1,2,2,2,2,2,2,2,1,0.606712518,0.187108923,0.810001214,0.418290642,0.505528324
69,3.33,0.72,1.53,0.99,2,37,20,3,1,1,1,1,1,1,1,1,1,1,1,1,1,1,1,1,1,1,1,1,1,1,0.181408277,-1.705197391,-2.192579766,-1.314513004,-1.257720471
70,3.56,2.43,3.59,2.70,2,30,35,4,1,2,1,3,1,3,2,1,1,2,1,1,3,2,2,2,2,1,3,2,1,1,0.524240181,0.219653538,0.69475993,0.59436518,0.508254707
71,3.23,2.50,3.20,2.35,1,34,20,3,1,1,1,1,1,1,1,1,1,1,1,1,1,1,1,1,1,1,1,1,1,1,0.035698994,0.301412532,0.142192485,0.20220292,0.170376733
72,2.36,0.92,1.32,0.75,2,37,33,4,1,2,2,2,1,2,2,1,1,3,2,1,2,1,1,2,1,2,2,3,1,1,-1.264448016,-1.480068628,-2.486920221,-1.582425732,-1.703465649
73,3.50,3.16,3.42,3.05,2,28,31,2,1,1,1,2,1,1,2,3,1,1,1,1,3,2,1,2,1,1,3,2,1,1,0.437296632,1.043030834,0.453362257,0.982461879,0.729037901
74,3.38,2.72,3.38,2.39,2,38,30,4,1,2,2,2,1,2,1,2,1,2,2,1,1,1,2,2,1,1,2,2,1,1,0.255936951,0.546090246,0.400419475,0.24831124,0.362689478
75,2.97,1.48,2.50,1.22,1,26,39,3,1,1,2,2,1,1,2,2,1,2,4,2,2,2,1,2,2,2,4,3,1,1,-0.355198183,-0.849708089,-0.833007191,-1.057763307,-0.773919192
76,3.44,2.55,3.01,1.88,2,40,37,4,1,2,2,2,1,2,2,2,1,2,2,2,2,2,2,2,1,2,4,2,1,1,0.339230118,0.358878738,-0.12235487,-0.324011841,0.062935536
77,2.69,2.28,2.75,2.37,2,37,20,3,1,1,1,1,1,1,1,1,1,1,1,1,1,1,1,1,1,1,1,1,1,1,-0.774499409,0.054064998,-0.484577182,0.226981508,-0.244507521
78,3.56,3.09,3.46,2.92,1,40,23,4,1,2,1,1,1,1,1,1,1,1,1,1,2,1,1,2,1,1,2,1,1,1,0.524240181,0.962578458,0.512549172,0.839951847,0.709829915
79,3.35,1.86,3.16,1.56,2,40,37,4,1,2,2,2,2,2,2,2,2,2,2,2,1,1,2,2,1,2,3,2,2,1,0.211219746,-0.421963438,0.092062809,-0.678220276,-0.19922529
80,3.44,2.63,3.18,2.30,2,40,29,3,1,1,2,1,1,1,1,2,1,1,3,2,1,2,3,1,1,1,2,1,1,1,0.351312341,0.440283134,0.116217922,0.143814709,0.262907027
81,3.60,3.13,3.34,3.04,2,31,40,4,1,2,3,2,2,2,3,2,1,2,2,2,2,1,1,2,2,2,4,1,2,2,0.583863121,1.007604211,0.344354627,0.973908211,0.727432542
82,3.63,1.66,3.75,1.35,1,28,35,5,1,2,2,2,1,2,2,2,1,1,1,2,1,1,3,1,2,2,2,2,2,3,0.628580326,-0.647092202,0.919019323,-0.912643913,-0.003034116
83,3.82,2.96,3.79,3.06,1,38,33,4,1,2,1,2,2,2,1,1,1,3,1,2,2,2,1,2,2,1,2,2,1,2,0.91178929,0.816244762,0.975084172,0.996234272,0.924838124
84,4.00,3.96,3.87,3.76,1,37,29,3,1,1,1,2,2,1,2,2,1,2,1,1,1,1,1,1,2,2,1,1,2,2,1.18009252,1.941888581,1.087213869,1.777646394,1.496710341
85,3.74,1.25,3.76,0.88,1,35,27,2,1,1,1,2,1,1,2,1,1,1,1,1,1,2,2,1,1,1,2,2,1,2,0.796157999,-1.112383537,0.938150701,-1.441171602,-0.20481161
86,4.00,2.65,3.22,2.51,2,32,30,3,1,1,1,1,1,1,4,2,2,3,2,1,2,1,1,1,1,1,2,1,1,1,1.18009252,0.466768198,0.17275223,0.382801219,0.550603542
87,2.92,2.20,2.27,2.05,1,36,39,4,1,2,2,2,2,2,1,2,2,2,2,2,2,3,3,2,2,1,2,2,2,1,-0.431948582,-0.036048416,-1.148897483,-0.128698387,-0.436398217
88,0.83,0.50,0.78,0.53,1,36,33,4,1,2,1,2,2,2,2,2,2,2,1,1,2,2,2,2,1,1,2,2,1,1,-3.537591289,-1.948449097,-3.248999283,-1.822807719,-2.639461847
89,3.67,3.23,3.82,3.69,2,36,34,4,1,2,1,2,1,2,1,1,2,3,2,1,3,2,2,2,1,1,3,2,1,1,0.693981865,1.116348305,1.016545908,1.704665844,1.13288548
90,3.56,2.27,3.42,1.77,1,36,26,4,1,2,1,1,1,2,1,1,1,2,1,1,2,1,1,2,1,1,2,2,1,1,0.529121601,0.034494332,0.455810739,-0.448823519,0.142650788
91,3.14,2.77,2.83,2.39,2,37,31,4,1,2,2,2,1,2,2,2,1,2,1,1,1,1,1,2,2,2,2,2,1,1,-0.101800688,0.602372437,-0.370472191,0.24831124,0.094602699
92,3.45,2.67,3.55,2.94,1,34,27,3,1,1,2,2,1,1,2,2,1,1,1,1,1,1,1,1,1,1,2,1,2,2,0.360277096,0.489808055,0.638695081,0.862277908,0.587764535
93,3.45,3.04,3.26,3.01,2,35,34,3,1,1,2,1,1,1,3,2,1,2,3,2,1,1,1,1,2,2,2,2,2,2,0.360277096,0.906296268,0.23222493,0.94041912,0.609804353
94,3.74,3.19,3.49,2.70,1,34,38,4,1,2,3,2,1,2,1,2,1,3,3,2,2,2,1,3,1,1,3,3,1,1,0.792543411,1.07514284,0.554597808,0.59436518,0.75416231
95,2.90,0.95,2.40,1.28,2,40,21,2,1,1,1,1,1,2,1,1,1,1,1,1,1,1,1,1,1,1,1,1,1,1,-0.459538327,-1.446299313,-0.973169312,-0.990785125,-0.967448019
96,2.97,1.81,2.79,2.13,1,28,36,4,1,2,2,4,2,2,2,1,1,2,2,1,2,1,2,1,1,1,3,2,1,3,-0.353555927,-0.481298318,-0.429079144,-0.043848472,-0.326945465
97,3.32,1.46,3.29,1.49,1,37,41,3,1,1,2,2,2,3,1,2,2,2,2,1,3,2,3,2,3,2,2,2,1,2,0.166502542,-0.872220966,0.274273566,-0.756361488,-0.296951587
98,3.64,2.47,3.60,2.27,2,34,36,4,1,2,2,2,2,2,2,2,1,2,2,2,2,2,2,2,1,1,3,2,1,1,0.647971829,0.267553076,0.709832662,0.117756751,0.435778579
99,3.70,3.21,3.56,2.84,1,34,21,4,1,2,1,1,1,1,1,1,1,1,1,1,1,1,1,1,1,1,2,1,1,1,0.738293183,1.095513327,0.654864287,0.746186613,0.808714352
100,3.09,0.96,3.09,0.68,1,37,34,3,1,1,1,2,2,2,2,1,1,1,2,1,2,2,2,2,2,1,3,2,1,2,-0.176329363,-1.435042875,-0.006050676,-1.660566944,-0.819497465
101,3.55,2.99,3.68,3.10,1,31,38,2,1,1,2,2,2,2,1,2,2,3,2,2,2,2,2,2,2,2,2,2,1,1,0.509334446,0.850014077,0.820905839,1.040886393,0.805285189
102,3.60,2.69,3.07,2.18,2,33,31,3,1,1,2,2,1,1,1,2,1,2,3,2,2,1,1,1,1,1,3,1,2,1,0.583863121,0.512320931,-0.0340831,0.013887604,0.268997139
103,4.00,3.09,4.00,3.08,1,36,35,3,1,1,1,3,2,3,1,1,2,2,1,1,2,2,2,2,2,1,3,2,1,1,1.18009252,0.962578458,1.269424626,1.018560333,1.107663984
104,3.32,2.03,2.19,1.42,2,34,28,3,1,1,1,1,1,2,1,1,1,2,1,1,1,1,3,2,1,1,1,3,1,2,0.172651234,-0.230604021,-1.260852301,-0.83171206,-0.537629287
105,3.36,3.10,3.34,3.00,2,32,25,1,1,1,1,1,1,2,1,1,1,1,3,1,1,1,1,1,1,1,2,2,1,1,0.223032449,0.974833679,0.346071485,0.926800082,0.617684424
106,3.09,2.34,3.16,2.60,1,39,21,1,1,1,1,1,1,1,1,1,1,1,1,1,1,1,1,1,1,1,2,1,1,1,-0.176680607,0.11476592,0.088006074,0.481970129,0.127015379
107,3.45,0.44,3.10,0.83,2,37,40,3,1,1,2,2,2,3,2,3,1,2,2,1,2,1,1,2,3,2,3,3,1,2,0.362839105,-2.01972766,0.011553747,-1.498156085,-0.785872723
108,4.00,4.00,4.00,4.00,1,40,27,3,1,1,1,2,1,1,2,2,1,2,2,1,1,1,1,1,1,1,2,2,1,1,1.18009252,1.986914333,1.269424626,2.045559122,1.62049765
109,3.61,3.24,3.56,3.23,1,35,30,4,1,2,1,2,1,2,1,1,1,2,1,2,2,2,2,2,1,2,1,2,1,1,0.598768856,1.131425031,0.652711293,1.186005787,0.892227742
110,4.00,2.64,4.00,2.45,2,30,33,3,1,1,1,2,1,2,2,2,1,2,2,1,2,1,1,2,1,1,4,3,1,1,1.18009252,0.453590479,1.269424626,0.315052072,0.804539924
111,3.40,2.84,3.42,2.63,1,30,34,4,1,2,1,2,2,2,1,2,2,1,1,2,2,1,2,2,2,2,3,2,1,1,0.285748421,0.681167504,0.456484324,0.516223968,0.484906054
112,2.41,1.94,1.17,1.27,2,27,51,3,2,1,4,2,1,3,4,3,1,4,3,2,2,3,3,2,2,3,1,4,2,2,-1.192384487,-0.331451204,-2.698226967,-1.001861013,-1.305980918
113,3.46,2.90,3.29,2.50,1,28,46,4,2,2,2,4,2,2,2,2,2,2,2,2,2,2,2,2,3,2,4,3,2,2,0.375182831,0.748706133,0.274273566,0.371104574,0.442316776
114,2.88,2.63,2.84,2.71,2,31,58,3,2,1,3,3,3,3,3,3,3,3,4,3,3,3,3,3,2,2,4,3,2,2,-0.489349797,0.444782302,-0.356455979,0.605528211,0.051126184
115,3.51,2.23,3.46,1.98,1,36,68,5,2,2,3,2,3,4,4,4,4,4,3,4,3,3,4,4,3,4,3,3,3,3,0.449711506,-0.005475225,0.512549172,-0.209373003,0.186853113
116,0.50,0.46,0.43,0.45,1,32,63,5,2,2,4,4,4,4,1,2,4,4,2,4,3,3,4,4,4,3,1,4,2,2,-4.036914721,-1.997864784,-3.734363099,-1.917316642,-2.921614812
117,3.63,1.35,3.73,0.62,1,26,44,3,2,1,2,2,2,2,3,2,1,3,3,2,3,3,2,2,1,2,4,3,1,1,0.628580326,-0.996041786,0.890986899,-1.727545126,-0.301004922
118,2.79,1.64,3.20,1.55,2,39,64,4,2,2,2,3,4,4,3,3,4,3,2,3,3,3,4,4,3,3,4,3,3,3,-0.623501412,-0.669605078,0.148127657,-0.689383306,-0.458590535
119,3.67,2.93,3.20,1.61,1,33,56,3,2,1,2,2,4,2,1,3,2,4,2,3,1,3,4,3,4,3,4,3,3,3,0.688203266,0.782475448,0.148127657,-0.622405125,0.249100311
120,3.12,2.34,2.72,2.33,1,34,44,4,2,2,2,2,2,1,2,3,3,3,1,3,3,2,2,1,2,2,4,1,3,2,-0.135394642,0.119738629,-0.529784043,0.183970228,-0.090367457
121,3.03,1.11,1.69,1.69,2,31,56,5,2,2,3,3,3,3,2,1,3,4,2,3,3,4,3,4,2,2,4,3,1,3,-0.265763773,-1.266196302,-1.968320372,-0.533100882,-1.008345332
122,3.67,3.72,3.68,3.73,1,33,43,5,2,2,2,3,2,3,2,2,2,3,2,2,2,2,2,2,2,1,3,2,2,2,0.688203266,1.671734064,0.820905839,1.744157303,1.231250118
123,3.89,3.33,4.00,3.43,2,34,42,4,2,2,2,3,3,2,2,2,3,2,1,2,2,2,3,2,1,2,2,2,2,2,1.016129435,1.232732975,1.269424626,1.409266394,1.231888358
124,2.45,1.75,1.97,1.71,2,39,49,3,2,1,2,3,2,2,2,3,2,4,1,3,2,3,2,2,3,4,2,2,3,2,-1.130296401,-0.545784258,-1.575866433,-0.510774821,-0.940680479
125,3.66,2.31,3.49,1.87,2,33,46,3,2,1,2,2,2,2,3,2,2,3,2,3,2,2,3,2,2,3,2,3,2,2,0.671878625,0.084524956,0.551349331,-0.33685984,0.242723268
126,2.88,1.62,1.11,1.27,2,31,53,4,2,2,2,4,4,4,4,1,1,4,1,4,3,2,2,3,3,4,3,2,1,1,-0.486416317,-0.693171856,-2.785924701,-1.005513354,-1.242756557
127,4.00,4.00,3.32,2.29,2,31,53,4,2,2,2,3,4,3,2,2,4,3,3,2,4,4,2,3,1,1,3,4,2,1,1.18009252,1.986914333,0.316322202,0.136680937,0.905002498
128,3.12,2.43,3.20,1.23,2,28,46,5,2,2,2,2,2,3,3,2,2,3,1,2,4,2,3,2,1,3,2,3,2,2,-0.131612158,0.219653538,0.148127657,-1.046600277,-0.20260781
129,3.11,1.87,3.09,1.54,1,40,42,4,2,2,2,2,2,2,2,3,2,2,1,2,2,2,2,2,2,3,2,3,2,2,-0.146517893,-0.410707,-0.006050676,-0.700546337,-0.315955477
130,2.28,2.03,1.65,1.70,1,27,43,4,2,2,2,3,4,3,2,1,2,1,2,1,2,2,3,2,3,2,2,1,2,3,-1.383693896,-0.230603989,-2.024385221,-0.521937852,-1.040155239
131,3.74,3.41,3.76,3.34,1,32,48,4,2,2,2,4,1,3,4,3,1,2,2,2,4,1,2,3,3,2,3,4,1,1,0.792543411,1.32278448,0.933035536,1.308799121,1.089290637
132,4.00,1.88,2.77,3.47,2,37,69,5,2,2,3,3,3,4,4,3,4,4,3,2,4,3,4,4,3,4,4,4,3,3,1.18009252,-0.403953219,-0.449138184,1.449592854,0.444148493
133,3.26,2.57,3.04,2.14,2,32,43,4,2,2,1,2,2,2,2,2,3,2,2,2,3,2,2,3,2,2,4,3,1,1,0.073650779,0.37451262,-0.080393493,-0.026008347,0.08544039
134,3.55,1.72,3.43,1.82,1,35,68,3,2,1,3,3,3,4,3,3,4,4,3,3,3,4,4,4,3,3,4,4,3,3,0.514924153,-0.581523543,0.473128562,-0.39160955,0.003729906
135,3.04,1.90,3.03,2.04,1,39,67,3,2,1,3,3,3,3,4,3,3,4,4,3,3,3,4,3,4,4,4,3,3,3,-0.250858038,-0.376937686,-0.090147949,-0.142394821,-0.215084623
136,3.71,2.93,3.51,3.14,2,35,43,3,2,1,2,2,2,2,2,2,2,2,3,2,2,2,3,2,2,2,3,2,2,2,0.751547095,0.777926308,0.57906393,1.089180326,0.799429415
137,3.70,3.01,3.20,2.41,2,39,44,5,2,2,2,4,2,3,2,2,3,2,2,2,2,3,2,3,2,2,2,2,1,1,0.739710085,0.866927579,0.152592603,0.270052671,0.507320734
138,1.38,1.24,2.14,2.26,1,40,45,2,2,1,3,2,3,2,1,2,4,3,2,1,3,2,2,2,3,2,2,1,3,2,-2.725210043,-1.119862606,-1.337590827,0.103191846,-1.269867908
139,3.09,2.49,2.87,2.59,2,28,79,3,2,1,4,4,4,4,4,4,4,4,4,4,4,3,4,4,4,4,4,4,4,4,-0.175926134,0.291081192,-0.308974526,0.473063507,0.06981101
140,3.43,2.57,3.40,2.71,2,37,48,4,2,2,2,3,2,3,2,3,1,2,3,4,2,3,2,1,3,2,2,3,3,2,0.327007519,0.373497359,0.431131428,0.601330311,0.433241654
141,0.92,1.00,0.79,1.24,1,31,53,2,2,1,2,2,1,3,2,1,3,2,4,3,3,4,3,2,3,4,3,2,4,2,-3.410873852,-1.390017122,-3.229779463,-1.035437246,-2.266526921
142,3.38,2.95,3.41,3.18,1,38,62,3,2,1,2,4,4,3,3,3,4,3,3,3,3,3,4,4,3,3,1,3,3,3,0.255936951,0.804988324,0.442468111,1.130190636,0.658396006
143,3.73,2.46,3.64,1.82,2,38,63,4,2,2,3,4,4,4,3,3,3,4,2,3,3,3,3,3,3,3,3,3,3,3,0.783972715,0.25074935,0.769396243,-0.38505128,0.354766757
144,3.50,1.47,3.47,1.14,1,40,65,3,2,1,3,4,3,3,3,3,3,3,4,3,4,3,4,3,3,3,4,3,3,3,0.434805771,-0.860964528,0.526565384,-1.14706755,-0.26166523
145,3.14,0.91,2.94,0.97,1,37,54,5,2,2,2,3,3,3,2,2,3,3,3,2,4,3,3,3,2,3,3,3,2,2,-0.101800688,-1.491325066,-0.216293858,-1.336839065,-0.786564669
146,0.73,0.41,0.83,0.22,1,33,42,4,2,2,2,2,2,2,2,2,2,2,3,3,2,2,2,2,1,2,3,2,2,2,-3.699076327,-2.059550127,-3.171805009,-2.179368828,-2.777450073
147,3.47,2.17,2.63,1.59,1,37,52,3,2,1,2,3,3,3,2,2,3,3,2,2,3,3,3,3,2,2,3,3,3,2,0.391169321,-0.067484183,-0.657524169,-0.648205702,-0.245511183
148,3.49,1.41,3.55,0.43,2,36,67,3,2,1,3,4,3,4,3,3,4,3,4,3,4,3,4,4,3,3,4,3,3,2,0.420459064,-0.926814717,0.632387508,-1.939224111,-0.453298064
149,3.59,2.44,3.59,3.02,1,31,55,4,2,2,3,3,2,3,3,3,3,3,2,3,3,3,3,3,2,3,3,3,2,2,0.568212025,0.226407255,0.698263942,0.946279675,0.609790724
150,3.46,3.04,3.51,3.19,2,31,51,4,2,2,3,3,4,2,2,1,3,4,2,1,3,4,3,4,1,1,4,3,1,2,0.375182831,0.906296268,0.582630233,1.141353666,0.751365749
151,3.37,2.93,3.15,2.66,2,37,49,4,2,2,3,3,2,2,3,3,2,3,3,2,3,2,3,3,2,2,3,3,1,1,0.239731775,0.781125331,0.077556833,0.545973252,0.411096798
152,2.32,0.53,1.89,1.68,1,31,46,2,2,1,4,3,3,1,3,2,2,4,3,2,1,2,3,2,3,2,1,2,2,1,-1.324070956,-1.919069717,-1.68799613,-0.544263912,-1.368850179
153,3.73,3.39,3.64,3.50,2,40,44,3,2,1,2,3,2,2,2,2,2,3,1,2,2,2,3,2,2,2,3,3,2,2,0.777637676,1.300271604,0.76484099,1.487407606,1.082539469
154,3.71,1.48,3.63,2.02,1,36,55,2,2,1,2,4,2,3,3,4,3,4,3,2,1,2,4,2,3,2,4,2,2,3,0.747826206,-0.849708089,0.750824778,-0.164720881,0.121055503
155,3.78,3.37,3.57,3.10,1,39,47,3,2,1,2,2,3,2,2,2,3,3,2,2,3,3,3,3,1,2,2,3,2,2,0.844713625,1.280291516,0.665500999,1.037816543,0.957080671
156,3.47,2.84,3.44,2.06,1,34,57,5,2,2,2,3,4,4,2,3,4,3,3,2,3,3,4,3,1,2,4,3,2,2,0.390088566,0.681167504,0.484516748,-0.12006876,0.358926014
157,3.44,2.89,3.51,2.88,2,40,42,2,2,1,2,3,2,2,1,1,2,3,3,2,3,2,2,3,1,2,3,3,1,1,0.351072815,0.734598872,0.582162378,0.797704495,0.61638464
158,2.58,1.67,2.60,1.46,2,39,63,4,2,2,2,3,4,3,3,3,3,4,3,3,3,3,4,3,3,3,4,3,3,3,-0.936521847,-0.635835764,-0.69284507,-0.789850579,-0.763763315
159,3.38,2.95,3.46,2.92,1,35,46,4,2,2,1,3,2,2,1,1,3,3,2,2,3,3,4,3,2,2,3,3,1,2,0.250794412,0.806761259,0.506451913,0.840872802,0.601220097
160,2.24,1.26,2.91,0.68,2,31,52,3,2,1,1,3,2,3,3,2,3,2,2,2,4,3,4,3,2,2,4,3,2,2,-1.439141457,-1.096774211,-0.255771585,-1.661349143,-1.113259099
161,3.45,2.69,3.17,0.98,2,35,56,4,2,2,2,3,3,3,4,3,2,3,3,3,3,2,3,4,2,3,3,3,2,2,0.360277096,0.512320931,0.106079021,-1.325676035,-0.086749747
162,3.12,0.25,2.07,0.47,1,31,46,3,2,1,2,2,1,3,1,3,1,3,2,1,2,3,2,3,3,4,3,1,3,3,-0.124904523,-2.234531427,-1.437456472,-1.899734926,-1.424156837
163,3.67,3.34,3.66,3.38,1,36,42,5,2,2,1,3,3,3,1,1,3,3,1,1,3,3,3,3,1,1,3,3,1,1,0.688203266,1.243989413,0.792873414,1.353451242,1.019629334
164,2.97,2.60,2.52,1.90,1,35,47,5,2,2,2,2,2,3,2,2,2,4,3,2,2,3,3,2,1,2,4,3,2,1,-0.355198183,0.411012987,-0.804974767,-0.298677245,-0.261959302
165,2.60,2.76,2.98,2.77,2,28,51,4,2,2,3,1,3,2,2,3,3,2,2,2,3,2,3,3,3,3,2,3,3,3,-0.906710377,0.591115998,-0.16022901,0.672506393,0.049170751
166,3.09,1.75,3.13,2.09,1,35,45,4,2,2,2,3,2,4,2,1,4,3,1,1,2,1,3,3,3,1,3,2,2,2,-0.175211464,-0.54820513,0.04927648,-0.088305198,-0.190611328
167,3.49,2.08,3.23,2.61,1,34,68,4,2,2,2,4,4,3,4,3,4,4,3,3,4,3,3,4,3,3,4,4,3,3,0.427000906,-0.175387062,0.192514191,0.498904555,0.235758148
168,3.54,2.90,3.71,3.10,2,28,50,4,2,2,2,2,3,3,1,2,2,3,2,3,3,2,3,3,2,3,3,3,3,2,0.494428711,0.748706133,0.862954475,1.040886393,0.786743928
169,3.12,2.30,2.38,1.27,2,35,45,3,2,1,2,2,2,2,2,3,3,2,2,2,2,2,2,3,3,2,3,2,2,2,-0.131612158,0.073319842,-1.001201736,-1.001948155,-0.515360552
170,3.36,3.20,3.36,3.09,1,30,56,3,2,1,3,3,2,3,3,3,3,3,3,3,3,3,3,3,2,2,4,3,2,2,0.226125481,1.086399279,0.372387051,1.029723363,0.678658793
171,3.58,0.64,4.00,0.57,2,35,49,3,2,1,4,2,2,3,2,3,2,2,2,2,3,2,3,2,3,3,3,2,2,2,0.547661797,-1.794372335,1.269424626,-1.780903812,-0.439547431
172,4.00,1.49,4.00,0.68,2,35,49,4,2,2,3,3,2,3,2,3,2,3,2,3,1,2,3,3,2,2,2,3,2,3,1.18009252,-0.833709196,1.269424626,-1.665094303,-0.012321588
173,3.70,2.91,3.21,2.71,1,40,73,4,2,2,3,4,4,4,4,3,4,4,3,3,4,4,4,4,3,3,4,4,4,3,0.732920471,0.759962571,0.162143869,0.605528211,0.56513878
174,3.48,3.01,3.33,2.43,2,37,60,3,2,1,3,1,3,2,4,2,4,3,3,3,2,4,4,3,3,3,4,4,2,3,0.402491741,0.877470667,0.327709372,0.297293122,0.476241225
175,3.01,0.86,3.02,0.98,1,31,44,4,2,2,2,3,3,2,1,1,3,2,2,2,2,2,3,2,2,3,2,2,2,3,-0.295575243,-1.547607257,-0.104164161,-1.325676035,-0.818255674
176,3.67,3.24,3.33,2.11,1,30,46,4,2,2,1,2,3,3,1,2,2,2,2,2,2,3,3,3,3,2,3,3,2,2,0.686959548,1.126692259,0.334099754,-0.066952194,0.520199842
177,3.16,1.88,3.38,2.92,2,40,43,3,2,1,1,1,1,1,2,3,2,2,3,3,1,1,3,1,2,3,4,3,3,3,-0.067890132,-0.398958234,0.394707624,0.839993718,0.191963244
178,3.61,2.60,3.48,1.73,2,36,42,4,2,2,2,3,2,3,2,2,2,2,3,2,2,1,2,3,1,2,4,2,1,1,0.598768856,0.411012987,0.540581596,-0.488448761,0.26547867
179,3.57,3.16,3.44,3.28,2,30,51,4,2,2,2,4,2,3,2,2,1,3,3,2,4,2,3,3,3,2,4,2,2,2,0.539145916,1.041373526,0.484516748,1.241820939,0.826714282
180,3.10,2.37,3.00,2.41,1,31,43,4,2,2,1,3,2,3,2,2,2,2,2,2,2,2,2,3,2,2,3,2,2,2,-0.161423628,0.152114909,-0.132196585,0.270637301,0.032282999
181,3.47,0.72,2.95,0.75,1,38,46,3,2,1,2,2,3,1,3,2,2,3,3,1,1,4,4,3,2,1,2,3,2,2,0.385680115,-1.702848345,-0.205652053,-1.581637404,-0.776114422
182,2.84,2.05,2.50,1.70,1,36,61,4,2,2,3,3,3,4,2,3,4,4,4,3,3,2,4,4,2,3,4,2,2,2,-0.548972737,-0.208091113,-0.833007191,-0.521937852,-0.528002223
183,2.44,0.93,2.51,0.69,1,35,56,4,2,2,3,4,2,4,3,3,4,2,3,2,2,4,2,1,3,1,3,4,3,3,-1.145202136,-1.46881219,-0.818990979,-1.649403914,-1.270602305
184,1.13,1.22,1.23,1.16,1,40,58,3,2,1,3,3,3,3,2,3,3,3,3,3,3,3,3,3,3,3,3,3,3,2,-3.097853418,-1.142375482,-2.61306613,-1.124741489,-1.99450913
185,3.02,2.76,2.84,2.38,2,37,62,4,2,2,2,4,3,3,3,3,3,3,4,3,4,3,3,3,3,3,3,3,3,3,-0.280669508,0.591115998,-0.356455979,0.23714821,0.04778468
186,3.23,2.13,2.79,2.68,1,31,66,3,2,1,2,4,3,4,3,4,3,3,4,3,4,3,4,4,3,3,4,3,3,2,0.029109886,-0.120224046,-0.427025988,0.570307373,0.013041806
187,3.42,2.40,3.15,1.96,1,36,62,4,2,2,2,3,4,4,3,3,4,3,3,3,3,2,3,4,3,2,3,4,3,3,0.315559891,0.185884224,0.078046596,-0.231699063,0.086947912
188,3.53,2.83,3.04,2.11,1,39,48,4,2,2,2,3,2,3,2,3,2,3,3,2,2,2,2,3,2,3,3,3,2,1,0.480961158,0.665605449,-0.071708014,-0.065776089,0.252270626
189,3.61,1.84,3.55,2.21,1,31,53,5,2,2,2,3,2,3,3,2,2,3,3,2,3,3,3,4,2,2,4,3,2,2,0.598994366,-0.444484865,0.633281085,0.05129629,0.209771719
190,3.08,1.82,3.12,2.13,1,32,63,1,2,1,2,4,3,4,3,3,3,3,3,3,3,3,4,3,3,3,4,3,3,3,-0.191235098,-0.466989191,0.03599796,-0.041927548,-0.166038469
191,3.68,3.11,3.80,2.93,1,34,47,4,2,2,2,3,2,3,2,2,2,3,2,2,3,3,2,3,2,2,2,3,2,2,0.703109001,0.985091335,0.989100384,0.851114878,0.882103899
192,3.20,1.78,3.27,1.89,1,36,57,4,2,2,2,3,2,3,3,3,3,3,3,3,3,2,3,3,3,3,3,4,3,2,-0.006513092,-0.514139696,0.245196158,-0.314225336,-0.147420491
193,3.73,2.63,3.69,3.01,1,33,54,3,2,1,2,3,3,3,2,2,2,3,3,2,4,2,3,4,3,2,4,3,2,2,0.778687498,0.449699855,0.83111223,0.944354099,0.75096342
194,3.54,2.62,3.66,2.76,2,33,63,4,2,2,3,3,3,3,3,3,4,3,3,3,4,3,3,4,3,3,4,4,2,2,0.498288441,0.43592205,0.79939959,0.656753108,0.597590797
195,3.23,2.86,3.27,3.18,1,33,61,4,2,2,3,3,3,3,3,3,3,3,3,3,3,3,3,3,3,3,3,4,3,3,0.037357555,0.700209108,0.245940694,1.126935994,0.527610838
196,2.27,2.14,1.85,1.57,1,36,53,5,2,2,1,4,4,4,1,1,4,4,1,1,4,4,4,4,1,1,4,4,1,1,-1.398599631,-0.106783169,-1.744060979,-0.667057246,-0.979125256
197,2.89,0.98,3.37,0.70,2,33,55,4,2,2,2,3,2,3,3,3,3,3,3,2,3,3,3,3,3,2,4,3,2,2,-0.477611412,-1.415062761,0.387980063,-1.63433392,-0.784757007
198,3.47,3.47,3.46,3.44,1,34,52,3,2,1,2,4,2,3,2,3,3,3,3,2,2,2,3,3,2,2,4,3,2,2,0.393776747,1.394905635,0.514381828,1.424288891,0.931838275
199,3.72,2.89,3.59,3.14,1,30,45,4,2,2,2,2,2,2,3,3,3,1,2,2,3,2,3,2,2,2,3,2,2,2,0.762731941,0.737449695,0.69475993,1.085538514,0.82012002
200,3.64,2.63,3.37,2.73,2,32,73,3,2,1,4,1,4,1,4,4,4,4,4,4,3,4,4,4,4,4,4,4,4,4,0.643486061,0.444782302,0.386403263,0.627854271,0.525631474
201,3.19,2.73,3.06,2.75,1,30,67,4,2,2,2,4,3,3,3,3,4,4,3,3,3,4,4,4,3,3,4,4,3,3,-0.024030148,0.556305413,-0.049308429,0.653612835,0.284144918
202,2.72,2.23,2.60,1.82,1,38,46,4,2,2,2,4,1,3,2,3,3,2,2,1,2,1,3,2,3,3,2,1,3,3,-0.728847596,-0.009232177,-0.69063766,-0.38754894,-0.454066593
203,2.51,1.10,1.14,1.20,1,28,52,2,2,1,2,2,3,2,2,3,3,3,2,3,3,3,3,3,2,3,3,3,2,2,-1.044123687,-1.273371007,-2.745804113,-1.079672927,-1.535742934
204,0.91,0.62,0.91,0.67,1,34,53,4,2,2,3,4,3,3,2,2,2,4,3,2,1,2,3,1,4,3,4,3,2,2,-3.419577893,-1.813274749,-3.05792235,-1.666639688,-2.48935367
205,3.26,2.71,3.29,2.93,1,31,42,4,2,2,2,2,1,2,2,2,2,2,3,2,2,2,3,4,1,2,4,2,1,1,0.077068132,0.534833807,0.274273566,0.851114878,0.434322596
206,3.83,3.78,3.60,3.46,1,29,60,3,2,1,2,4,3,3,3,3,4,3,2,3,3,3,3,3,3,3,3,4,2,3,0.926695025,1.739272693,0.708776142,1.442755485,1.204374836
207,3.75,3.48,3.73,3.64,2,37,61,4,2,2,3,4,3,4,3,3,3,3,2,3,3,3,3,3,3,3,3,3,3,3,0.811920542,1.405800562,0.892213339,1.641038787,1.187743308
208,2.96,3.18,3.20,3.28,1,36,53,4,2,2,2,4,3,4,2,2,3,4,2,1,3,4,3,3,1,2,4,4,1,1,-0.375875239,1.069503285,0.148183531,1.242166899,0.520994619
209,3.16,3.13,3.39,3.05,1,36,54,4,2,2,2,4,3,3,1,3,3,4,2,2,3,4,3,4,1,2,4,3,2,1,-0.068885198,1.004192765,0.408174778,0.990096583,0.583394732
210,3.50,3.19,3.43,3.04,1,30,46,4,2,2,2,4,2,3,1,3,2,3,2,2,1,2,3,2,3,2,3,2,2,2,0.427462546,1.070107664,0.470516335,0.979461866,0.736887103
211,3.60,2.96,3.56,3.02,1,30,44,4,2,2,1,3,2,3,2,2,3,3,2,2,3,2,2,3,1,2,3,3,1,1,0.583863121,0.816244762,0.652711293,0.951582151,0.751100332
212,3.24,2.80,2.88,2.35,1,40,61,3,2,1,3,3,3,2,3,4,3,4,4,3,2,3,4,3,2,3,4,4,2,2,0.050107182,0.639532608,-0.299497727,0.202291547,0.148108403
213,3.25,2.27,3.45,2.97,2,31,50,4,2,2,2,2,3,2,2,3,4,2,2,3,4,2,3,1,3,2,2,3,4,1,0.062162397,0.039550527,0.49853296,0.895766999,0.374003221
214,3.49,2.43,3.39,2.40,1,30,47,4,2,2,2,3,1,3,2,2,2,3,3,2,2,3,2,2,2,2,4,3,2,2,0.419900036,0.219653538,0.414435687,0.259474271,0.328365883
215,2.90,2.26,3.17,2.66,2,39,62,5,2,2,3,3,3,3,3,3,4,4,2,3,4,4,4,3,2,3,3,4,2,2,-0.464256216,0.029573151,0.105104681,0.54942332,0.054961234
216,3.63,3.05,2.86,2.23,2,27,54,5,2,2,2,3,3,3,2,2,4,3,2,2,3,4,4,2,2,3,2,3,3,2,0.62849556,0.921523251,-0.322844357,0.075077091,0.325562886
217,2.65,1.56,2.59,1.65,2,34,64,3,2,1,3,4,3,3,3,3,4,4,2,3,3,4,4,3,2,3,4,4,2,3,-0.832181702,-0.759656584,-0.706861282,-0.577753003,-0.719113143
218,0.91,0.80,0.88,0.81,1,31,58,4,2,2,2,4,3,3,3,3,3,3,2,3,2,3,4,3,3,3,2,3,3,3,-3.430250412,-1.609911699,-3.108519163,-1.517937689,-2.416654741
219,2.81,2.40,2.91,2.24,1,32,52,1,2,1,1,3,3,3,2,2,3,3,1,2,4,4,3,2,1,2,4,4,3,2,-0.593689942,0.185884224,-0.258342494,0.080865786,-0.146320607
220,3.97,2.08,3.99,1.89,2,39,46,1,2,1,2,2,2,2,4,3,2,3,3,1,2,2,3,2,2,3,2,2,2,2,1.135375315,-0.174321798,1.255408414,-0.309840276,0.476655414
221,3.56,1.78,3.19,1.69,1,36,61,3,2,1,3,3,4,3,4,3,3,3,3,3,3,3,3,2,3,3,3,4,2,3,0.524240181,-0.512014944,0.134111445,-0.533100882,-0.09669105
222,3.89,3.60,3.73,3.41,2,39,42,3,2,1,2,2,2,2,2,2,2,3,2,2,1,2,3,2,2,3,2,2,2,2,1.014417013,1.535915985,0.8858664,1.382853204,1.204763151
223,1.17,0.97,1.23,0.94,1,32,60,5,2,2,3,3,3,3,2,3,3,3,3,3,3,4,3,4,3,2,4,4,2,2,-3.043954477,-1.428699199,-2.617206167,-1.367492092,-2.114337984
224,3.82,2.93,3.65,2.56,1,35,58,3,2,1,2,3,3,3,3,3,3,3,3,3,3,3,3,3,2,3,4,4,2,2,0.90551957,0.784510069,0.778226418,0.436656142,0.72622805
225,3.22,2.32,3.07,1.58,2,31,55,3,2,1,3,2,3,3,3,3,3,3,4,3,3,2,2,3,3,2,3,2,2,3,0.012823512,0.099047768,-0.035653805,-0.653296702,-0.144269807
226,3.22,1.16,3.36,1.42,1,36,59,3,2,1,3,2,3,3,3,4,3,4,3,3,3,3,4,3,2,3,3,3,2,2,0.016854237,-1.212136691,0.365564771,-0.8336564,-0.415843521
227,2.10,2.00,2.06,2.07,2,30,68,4,2,2,3,4,4,4,2,3,4,4,3,3,4,4,4,4,3,2,4,4,2,3,-1.647377322,-0.269661085,-1.456310821,-0.113226441,-0.871643917
228,0.90,0.67,0.97,0.84,2,36,63,3,2,1,3,4,3,3,3,3,3,3,4,3,3,3,3,4,3,3,3,3,3,3,-3.446461356,-1.760354001,-2.974334018,-1.482516666,-2.41591651
229,3.29,1.89,3.24,2.59,1,26,63,5,2,2,2,4,4,4,2,3,4,3,3,2,4,4,3,2,3,3,4,3,3,3,0.124095608,-0.387931804,0.202694423,0.466013263,0.101217873
230,3.07,1.30,0.87,0.51,2,40,57,5,2,2,2,3,2,3,3,2,2,3,3,2,4,3,3,4,2,3,4,4,2,3,-0.202172399,-1.052112954,-3.121609453,-1.852808318,-1.557175781
231,3.35,2.49,3.15,2.45,1,34,67,3,2,1,3,4,4,4,3,2,4,3,3,3,3,4,4,4,3,3,4,3,3,3,0.218055702,0.290653403,0.074873428,0.317008522,0.225147763
232,3.62,0.74,3.76,0.42,2,24,46,2,2,1,2,3,2,2,2,2,3,3,2,1,3,3,3,3,2,2,2,3,2,1,0.613674591,-1.682684515,0.933035536,-1.950805733,-0.52169503
233,3.28,2.25,2.87,2.42,1,35,50,4,2,2,3,2,2,3,2,2,3,3,2,2,3,3,3,3,2,2,3,3,2,2,0.106879602,0.017037651,-0.314407343,0.281800331,0.02282756
234,4.00,2.89,2.93,1.40,1,31,65,4,2,2,3,4,3,4,3,3,3,4,3,3,4,4,4,4,2,3,4,3,2,2,1.18009252,0.737168288,-0.227857484,-0.8523635,0.209259956
235,2.86,0.45,3.27,1.83,2,32,42,3,2,1,3,1,1,2,3,2,3,2,2,2,2,1,2,1,4,2,4,2,2,1,-0.519161267,-2.009121222,0.246241142,-0.376818457,-0.664714951
236,3.25,2.62,2.97,2.63,1,32,45,2,2,1,2,3,2,2,2,3,2,2,2,2,2,3,2,1,3,2,1,2,3,4,0.062162397,0.433525864,-0.174245222,0.516223968,0.209416752
237,3.53,3.31,3.42,3.22,2,28,63,5,2,2,3,4,3,4,3,3,4,3,3,3,4,3,3,4,3,2,4,3,2,2,0.479522976,1.210220099,0.456484324,1.174842757,0.830267539
238,2.68,2.09,2.15,2.11,2,37,43,3,2,1,2,2,3,2,2,2,2,2,2,2,2,2,3,2,2,3,2,2,2,2,-0.787464497,-0.16306536,-1.323574615,-0.064253609,-0.58458952
239,2.47,0.93,2.78,0.47,2,39,61,2,2,1,3,3,3,2,3,3,4,3,3,3,3,3,3,3,2,3,4,4,3,3,-1.100484931,-1.46881219,-0.440553252,-1.894990581,-1.226210238
240,2.98,1.00,3.08,1.20,2,37,45,4,2,2,3,2,2,2,3,3,2,2,3,3,2,1,1,1,3,3,2,1,3,3,-0.343961011,-1.394383305,-0.024491774,-1.083810188,-0.71166157
241,2.47,1.64,2.58,1.64,1,35,56,4,2,2,2,4,2,4,3,2,3,3,3,3,3,3,3,4,2,2,4,3,2,1,-1.097503958,-0.668479532,-0.718950428,-0.584590356,-0.767381069
242,1.49,3.19,1.22,3.08,1,34,42,3,2,1,3,3,3,2,1,2,3,2,2,1,2,2,2,3,2,1,2,2,2,2,-2.561246959,1.07514284,-2.627082342,1.018560333,-0.773656532
243,3.38,2.00,1.89,1.10,2,37,62,5,2,2,3,4,3,4,4,3,3,3,3,3,3,3,3,3,4,2,4,2,3,2,0.251465015,-0.269157346,-1.688697077,-1.187394084,-0.723445873
244,0.94,0.45,0.97,0.41,1,32,51,4,2,2,1,3,3,3,2,2,3,3,2,2,3,2,3,3,3,2,4,3,2,2,-3.381062382,-2.009121222,-2.977487645,-1.961968763,-2.582410003
245,0.98,0.91,0.96,0.87,2,27,48,4,2,2,2,3,2,3,3,2,3,2,2,2,3,2,2,3,2,2,3,3,2,2,-3.320861921,-1.491465866,-2.991433878,-1.453730032,-2.314372924
246,2.33,0.51,2.96,0.61,1,30,47,2,2,1,1,2,3,4,3,3,2,1,2,2,4,1,3,1,3,2,4,2,2,2,-1.309165221,-1.941582593,-0.188261434,-1.738708157,-1.294429351
247,2.91,3.01,2.54,2.94,2,37,47,5,2,2,2,3,2,3,3,2,3,3,2,2,3,3,3,3,1,2,2,3,1,1,-0.444632592,0.872526953,-0.776942343,0.862277908,0.128307482
248,3.42,1.29,3.10,1.14,1,47,35,5,1,2,1,2,1,2,2,2,4,1,1,1,1,1,1,1,3,3,1,2,2,3,0.31062235,-1.063228753,0.001132576,-1.148462976,-0.474984201
249,4.00,1.30,3.61,0.93,1,50,24,3,1,1,1,1,1,1,1,1,1,3,1,1,1,1,1,1,1,1,3,1,1,1,1.18009252,-1.048747271,0.718452642,-1.384784353,-0.133746615
250,3.44,3.10,3.40,3.25,1,67,35,3,1,1,2,1,1,1,2,2,1,3,2,2,1,2,3,2,1,2,3,2,1,1,0.3489615,0.974477814,0.431493337,1.213120106,0.742013189
251,3.38,0.90,3.71,1.53,2,48,36,4,1,2,2,3,2,2,4,2,1,1,2,2,2,1,1,1,2,2,2,1,2,1,0.255936951,-1.502581504,0.862954475,-0.711709367,-0.273849861
252,2.87,0.65,1.99,0.79,2,41,29,4,1,2,2,1,1,1,3,3,1,1,3,2,1,1,1,1,1,1,2,1,1,1,-0.501860439,-1.783330473,-1.551242556,-1.541177678,-1.344402786
253,3.15,1.31,2.70,0.54,2,41,41,2,1,1,2,2,2,2,3,2,1,2,3,2,3,2,2,2,1,2,4,2,1,1,-0.086894953,-1.041067538,-0.552682949,-1.816849369,-0.874373702
254,3.55,2.97,3.87,2.74,2,41,32,2,1,1,1,2,3,3,1,1,1,2,1,1,2,2,2,2,1,1,2,2,1,1,0.509334446,0.8275012,1.087213869,0.639017302,0.765766704
255,3.77,2.99,3.89,3.33,1,44,24,3,1,1,1,1,1,1,1,2,1,1,1,1,1,1,1,2,1,1,3,1,1,1,0.837260615,0.850014077,1.115246293,1.297636091,1.025039269
256,3.50,2.83,3.30,2.43,1,42,41,4,1,2,2,2,2,3,3,3,1,2,3,2,1,1,3,2,1,2,4,2,1,1,0.436057776,0.674764799,0.282652555,0.295643274,0.422279601
257,3.51,1.94,3.56,2.10,2,61,30,5,1,2,1,3,1,3,2,2,1,1,1,2,1,1,1,2,1,1,3,1,1,1,0.445752909,-0.335442334,0.654065614,-0.078478771,0.171474355
258,3.48,3.16,3.50,3.03,1,56,29,1,1,1,1,3,1,3,1,2,2,1,1,2,1,1,2,1,1,1,2,1,1,1,0.409403534,1.041354568,0.573166787,0.961254191,0.74629477
259,3.25,2.90,2.82,2.41,1,47,22,3,1,1,1,1,1,1,1,1,1,1,1,1,1,1,1,2,1,1,2,1,1,1,0.062162397,0.748706133,-0.384488403,0.270637301,0.174254357
260,4.00,1.36,4.00,1.21,2,44,31,4,1,2,1,3,2,3,1,1,1,1,1,2,1,1,2,1,3,2,2,1,1,1,1.18009252,-0.984785348,1.269424626,-1.068926337,0.098951365
261,3.29,2.39,2.94,1.93,2,61,26,3,1,1,1,2,1,2,1,1,1,1,2,1,2,1,1,2,1,1,2,1,1,1,0.115276132,0.17368081,-0.221662928,-0.260979092,-0.048421269
262,2.99,1.56,2.91,1.24,2,68,31,4,1,2,2,3,1,2,1,1,1,2,2,1,2,1,1,2,1,2,3,1,1,1,-0.325386713,-0.759656584,-0.258342494,-1.035437246,-0.594705759
263,3.49,2.39,3.23,2.06,2,60,37,4,1,2,2,3,2,2,1,2,1,2,2,2,2,1,2,2,2,2,3,2,1,1,0.419900036,0.174627786,0.190176293,-0.12006876,0.166158839
264,3.73,2.83,3.35,2.86,2,63,41,4,1,2,1,2,3,3,2,2,2,3,1,1,3,3,3,2,1,2,3,2,1,1,0.772718528,0.672795468,0.357284644,0.767461902,0.642565136
265,3.51,3.20,3.60,3.17,2,59,31,3,1,1,1,2,1,2,1,1,1,2,2,1,3,3,3,1,1,1,2,1,1,1,0.455143482,1.085356698,0.704084226,1.114948183,0.839883147
266,2.99,1.70,3.06,1.58,1,53,36,3,1,1,2,2,1,2,3,2,2,2,2,2,1,2,1,2,1,2,2,2,2,1,-0.325386713,-0.602066449,-0.048099313,-0.655894215,-0.407861672
267,3.52,3.37,3.48,3.27,1,45,24,3,1,1,1,1,1,1,3,1,1,2,1,1,1,1,1,1,1,1,2,1,1,1,0.459456023,1.282725672,0.544383504,1.234648767,0.880303492
268,3.66,2.38,3.31,2.41,2,59,38,2,1,1,2,2,3,1,1,2,2,3,1,2,1,1,3,3,2,1,2,3,1,2,0.680238949,0.164228932,0.299902207,0.271487738,0.353964457
269,3.36,2.33,3.37,2.28,1,42,41,4,1,2,2,2,3,2,2,2,2,2,2,2,2,1,2,1,2,2,4,2,2,2,0.227150242,0.108851485,0.379602023,0.123576064,0.209794954
270,3.47,2.84,3.64,2.89,1,55,28,3,1,1,2,1,1,2,2,2,1,2,1,1,1,1,2,1,1,1,3,1,1,1,0.390088566,0.681167504,0.76484099,0.806462756,0.660639954
271,2.00,0.39,2.00,0.61,2,45,27,3,1,1,1,2,2,1,2,3,2,2,1,1,1,1,1,1,1,1,1,1,1,1,-1.807349328,-2.071917424,-1.527131339,-1.738302133,-1.786175056
272,3.54,2.85,3.53,2.73,1,58,28,3,1,1,2,2,1,2,2,2,1,1,1,2,1,1,1,1,2,2,1,1,1,1,0.494428711,0.692423942,0.610662657,0.627854271,0.606342395
273,3.50,3.01,3.56,2.97,2,54,40,4,1,2,1,4,3,3,2,1,2,3,1,2,1,2,2,3,1,2,3,2,1,1,0.434805771,0.872526953,0.652711293,0.895766999,0.713952754
274,3.28,2.61,3.48,3.01,1,41,31,3,1,1,2,1,1,2,1,2,2,2,1,2,1,2,2,2,1,1,2,2,1,1,0.104899735,0.417139868,0.534399431,0.940579596,0.499254657
275,3.30,2.60,2.98,2.20,2,71,31,3,1,1,2,2,1,1,3,1,1,1,1,1,2,1,2,2,1,1,4,2,1,1,0.130906474,0.407270936,-0.156682075,0.032053302,0.103387159
276,1.20,0.54,0.77,0.53,1,56,23,3,1,1,1,1,1,2,1,1,1,2,1,1,1,1,1,1,1,1,2,1,1,1,-2.989842833,-1.90402837,-3.263033026,-1.828584581,-2.496372203
277,3.48,3.27,3.31,2.97,2,46,33,4,1,2,2,2,1,1,2,2,1,1,3,1,2,1,2,2,1,1,4,2,1,1,0.403872749,1.161867287,0.304055303,0.890683616,0.690119739
278,3.29,1.81,3.32,1.91,2,54,34,3,1,1,2,2,2,2,2,2,1,1,2,2,2,2,2,2,1,1,2,2,1,1,0.117369678,-0.473616504,0.310697985,-0.288937608,-0.083621612
279,3.28,3.06,3.24,3.13,1,62,34,4,1,2,1,3,2,1,2,2,2,2,2,2,2,1,2,3,1,2,1,1,1,1,0.106879602,0.928809144,0.204192506,1.074375484,0.578564184
280,3.62,2.65,3.62,2.79,1,42,40,2,1,1,1,2,2,3,1,2,2,3,1,1,2,3,2,2,2,2,2,3,2,2,0.613674591,0.467295178,0.736808566,0.694832453,0.628152697
281,3.26,2.35,3.30,1.29,1,45,28,2,1,1,2,1,1,1,1,2,1,1,2,1,2,1,1,2,1,1,3,2,1,1,0.080976947,0.126637462,0.289296239,-0.980786532,-0.120968971
282,3.43,2.72,3.36,1.73,2,42,36,3,1,1,1,2,2,2,2,2,1,3,1,1,2,1,2,2,2,2,3,2,2,1,0.331981423,0.55116819,0.370839017,-0.486152686,0.191958986
283,3.81,3.08,4.00,3.24,1,60,30,3,1,1,2,1,1,2,2,1,1,1,2,2,2,1,1,2,1,1,3,2,1,1,0.892598293,0.948226504,1.269424626,1.195773418,1.07650571
284,3.54,2.74,3.45,2.93,2,59,23,4,1,2,1,2,1,2,1,1,1,1,1,1,1,1,1,1,1,1,2,1,1,1,0.489397889,0.570826078,0.502071914,0.848770726,0.602766652
285,3.74,3.41,3.52,3.05,1,44,25,3,1,1,1,1,1,1,1,1,1,1,2,1,2,1,1,1,1,1,3,2,1,1,0.789684389,1.320046353,0.590043837,0.980941646,0.920179056
286,3.84,2.77,3.51,2.36,1,47,34,3,1,1,2,2,1,2,2,2,1,2,2,1,2,2,3,1,1,2,3,1,1,1,0.940186574,0.606877616,0.576861733,0.210822902,0.583687206
287,3.53,2.56,3.11,1.28,1,44,26,3,1,1,1,1,1,2,1,1,1,2,2,1,2,1,1,1,1,1,3,1,1,1,0.479522976,0.365987235,0.021981748,-0.990785125,-0.030823292
288,3.24,2.45,3.26,2.21,2,69,24,3,1,1,1,2,1,1,1,1,1,1,1,1,2,1,1,1,1,1,2,2,1,1,0.047256662,0.242166415,0.23222493,0.047376695,0.142256175
289,3.48,3.26,3.39,3.18,1,41,29,3,1,1,2,1,1,1,1,1,1,1,1,1,2,2,2,1,4,1,2,2,1,1,0.404994301,1.153937908,0.414435687,1.130190636,0.775889633
290,3.39,0.78,3.06,1.14,2,62,34,2,1,1,2,2,2,1,2,1,2,2,2,1,2,2,3,1,1,2,1,2,1,2,0.268440827,-1.643127325,-0.053766291,-1.141592115,-0.642511226
291,4.00,3.73,4.00,3.55,1,46,34,3,1,1,1,2,1,3,1,2,1,2,1,1,2,2,2,2,2,1,2,3,1,2,1.18009252,1.683975458,1.269424626,1.546152987,1.419911398
292,3.36,2.94,3.30,2.63,2,43,23,3,1,1,1,1,1,1,1,1,1,1,1,1,2,1,1,1,1,1,3,1,1,1,0.227744438,0.798966861,0.287877008,0.514562005,0.457287578
293,4.00,3.63,3.99,3.61,1,50,31,4,1,2,1,3,2,2,1,1,1,1,1,1,2,2,2,2,1,1,3,2,1,1,1.18009252,1.57042612,1.255408414,1.610200939,1.404031998
294,3.30,2.79,3.61,3.15,2,59,39,3,1,1,2,2,2,2,2,2,2,2,1,2,2,2,2,2,2,2,2,2,2,2,0.136691072,0.624885313,0.722792354,1.096701545,0.645267571
295,2.10,1.64,2.10,1.71,2,46,38,4,1,2,1,3,2,3,2,1,1,3,1,1,3,2,1,3,2,1,4,2,1,1,-1.651997125,-0.669605078,-1.393655676,-0.510774821,-1.056508175
296,3.48,2.86,3.58,2.78,1,46,25,3,1,1,2,1,1,1,1,1,1,2,2,1,1,1,1,1,1,1,3,1,1,1,0.404994301,0.70368038,0.680743717,0.683669423,0.618271955
297,2.51,0.73,2.45,0.92,2,43,27,4,1,2,1,1,1,2,2,2,1,1,1,1,2,1,1,2,1,1,3,1,1,1,-1.040715944,-1.691022763,-0.906319967,-1.387106223,-1.256291224
298,2.45,0.62,2.68,1.78,2,60,30,3,1,1,1,1,1,1,2,3,1,3,2,1,3,1,1,2,1,1,2,1,1,1,-1.136554224,-1.812999598,-0.578192611,-0.429050233,-0.989199166
299,3.92,3.88,3.75,3.74,2,45,21,3,1,1,1,1,1,1,1,2,1,1,1,1,1,1,1,1,1,1,1,1,1,1,1.064572917,1.855213891,0.925326496,1.755878455,1.40024794
300,3.21,1.63,3.11,0.93,2,50,38,2,1,1,2,1,1,2,2,2,1,2,3,3,2,2,2,1,1,2,4,3,1,1,0.009630775,-0.677371313,0.01791706,-1.380793606,-0.507654271
301,3.71,3.09,3.63,2.89,1,44,24,3,1,1,1,1,1,2,1,1,1,1,2,1,1,1,1,1,1,1,3,1,1,1,0.747826206,0.962578458,0.750824778,0.806462756,0.81692305
302,3.28,2.06,2.82,1.71,2,56,39,4,1,2,2,2,3,3,2,1,1,3,1,2,1,1,1,3,2,2,3,2,2,2,0.106879602,-0.196834675,-0.384488403,-0.510774821,-0.246304574
303,3.16,0.86,3.19,0.48,2,58,35,4,1,2,2,4,2,3,1,2,1,1,1,2,2,1,1,2,2,1,3,2,1,1,-0.071989218,-1.547607257,0.134111445,-1.883827551,-0.842328145
304,3.52,3.29,3.53,3.16,1,49,22,3,1,1,1,1,1,1,1,1,1,1,2,1,1,1,1,1,1,1,2,1,1,1,0.464617241,1.187707222,0.610662657,1.107864575,0.842712924
305,3.41,3.05,3.44,2.57,1,47,32,3,1,1,3,2,1,2,2,2,2,2,3,1,2,1,1,1,1,1,1,2,1,1,0.300654156,0.917552706,0.484516748,0.449245786,0.537992349
306,3.73,2.80,3.50,3.17,2,50,26,2,1,1,1,1,1,2,2,1,1,1,2,1,1,1,1,1,1,1,3,2,1,1,0.777637676,0.636141751,0.568614021,1.119027605,0.775355263
307,3.45,2.46,3.22,2.38,1,46,33,1,1,1,2,2,2,2,3,4,1,1,1,1,1,1,1,1,4,1,2,1,1,1,0.366708842,0.254515448,0.181839384,0.237988831,0.260263126
308,3.56,3.09,3.51,2.96,1,78,29,3,1,1,1,2,2,2,2,2,1,2,1,1,2,1,1,1,1,1,3,1,1,1,0.524240181,0.962578458,0.582630233,0.884603969,0.73851321
309,0.73,0.36,0.84,0.32,1,47,34,4,1,2,2,2,1,2,1,2,2,3,1,1,2,1,2,3,1,1,3,2,1,1,-3.694082817,-2.110429166,-3.159698402,-2.062436036,-2.756661605
310,4.00,3.49,3.93,3.47,2,51,31,2,1,1,1,1,1,1,1,1,1,2,2,1,2,1,2,1,2,2,3,2,2,2,1.18009252,1.412835986,1.171311142,1.453918515,1.304539541
311,3.37,3.11,3.36,3.11,2,48,36,4,1,2,2,3,2,2,1,2,1,2,2,1,3,2,2,2,1,2,3,1,1,1,0.238807431,0.985210912,0.375708913,1.056994591,0.664180462
312,3.52,3.10,3.58,3.04,2,62,38,4,1,2,2,2,1,2,2,2,2,2,2,2,2,2,2,2,1,3,3,2,1,1,0.464617241,0.973834897,0.680743717,0.973908211,0.773276017
313,3.53,1.76,3.62,1.37,2,72,28,3,1,1,1,1,1,1,2,1,2,1,2,1,2,1,1,3,1,1,3,1,1,1,0.47225647,-0.53396505,0.734180473,-0.887248103,-0.053694053
314,3.47,2.83,3.28,1.56,2,45,28,3,1,1,2,1,1,2,1,1,1,2,2,1,2,1,1,2,1,1,3,1,1,1,0.396050826,0.673428563,0.26709014,-0.672778424,0.165947776
315,3.65,1.53,3.57,1.49,2,52,26,4,1,2,1,1,1,2,2,2,1,1,1,1,2,1,1,1,1,1,3,1,1,1,0.657874504,-0.787976454,0.664386533,-0.751384256,-0.054274918
316,3.28,2.73,3.30,2.85,2,47,40,3,1,1,2,2,2,2,2,2,2,2,2,2,2,2,3,2,1,2,2,2,2,2,0.101644095,0.556881612,0.293133208,0.764101792,0.428940177
317,3.55,2.15,3.31,2.04,2,58,40,4,1,2,2,3,2,3,1,1,2,2,1,1,3,2,2,3,3,1,3,3,1,1,0.509334446,-0.095526731,0.30230599,-0.142394821,0.143429721
318,3.38,3.17,3.36,3.12,2,57,34,3,1,1,2,1,1,1,2,2,1,2,2,2,2,1,2,2,1,2,4,2,1,1,0.263343961,1.049390234,0.37398993,1.059479875,0.686551
319,4.00,4.00,4.00,4.00,1,67,40,4,1,2,2,2,2,3,1,2,1,3,2,2,2,2,3,2,1,2,4,2,1,1,1.18009252,1.986914333,1.269424626,2.045559122,1.62049765
320,4.00,2.70,3.29,2.00,1,48,36,5,1,2,1,3,1,3,2,2,2,2,1,2,1,1,2,3,2,2,2,2,1,1,1.18009252,0.523577369,0.274273566,-0.187046942,0.447724128
321,3.47,2.79,3.48,2.67,2,62,34,3,1,1,1,1,1,1,2,2,2,2,2,2,2,3,2,1,1,2,3,2,1,1,0.390088566,0.624885313,0.540581596,0.560876089,0.529107891
322,3.44,2.12,3.47,3.11,2,49,34,4,1,2,1,2,2,2,1,1,2,2,2,1,2,2,2,2,2,1,3,2,1,1,0.350771807,-0.133674166,0.521748327,1.048744288,0.446897564
323,3.33,2.52,3.24,2.28,2,61,41,1,1,1,2,2,2,3,2,2,2,3,2,2,2,2,1,2,1,2,3,2,2,2,0.175532658,0.315961377,0.207427643,0.122587592,0.205377318
324,4.00,3.51,3.55,3.12,2,57,29,3,1,1,1,2,1,2,1,1,1,2,1,1,2,2,2,2,1,1,2,2,1,1,1.18009252,1.435348862,0.638695081,1.063212454,1.079337229
325,3.42,1.51,3.07,1.58,1,47,37,4,1,2,2,2,1,2,2,2,1,2,2,2,1,1,2,2,2,2,4,1,2,2,0.308448843,-0.81611967,-0.038876565,-0.657921811,-0.301117301
326,3.41,2.77,3.20,2.62,2,60,23,4,1,2,1,1,1,1,1,2,1,1,1,1,1,1,2,1,1,1,2,1,1,1,0.30076694,0.604539807,0.141896409,0.508371417,0.388893643
327,3.31,1.42,3.56,1.23,1,55,40,3,1,1,1,3,2,3,2,2,2,3,1,2,1,2,3,2,2,1,2,2,2,2,0.151596807,-0.917246718,0.652711293,-1.046600277,-0.289884724
328,3.36,2.91,2.93,2.63,2,49,27,3,1,1,1,1,1,1,2,2,1,1,3,1,1,1,1,1,1,1,3,2,1,1,0.219128951,0.765461928,-0.225806667,0.521309374,0.320023396
329,4.00,3.05,4.00,3.41,1,50,40,4,1,2,2,3,2,3,1,2,2,1,2,2,2,2,3,3,1,2,3,2,1,1,1.18009252,0.917552706,1.269424626,1.386940333,1.188502546
330,3.53,2.84,3.57,2.81,1,60,32,5,1,2,1,1,2,3,1,1,2,2,1,1,2,2,2,2,1,1,3,2,1,1,0.479522976,0.681167504,0.666727505,0.717158514,0.636144125
331,3.51,2.63,3.36,2.44,2,45,20,3,1,1,1,1,1,1,1,1,1,1,1,1,1,1,1,1,1,1,1,1,1,1,0.449711506,0.444782302,0.372387051,0.304126392,0.392751813
332,4.00,3.59,4.00,3.48,1,45,23,3,1,1,1,1,1,1,1,1,1,1,1,1,1,1,1,1,1,1,1,1,1,4,1.18009252,1.525400368,1.269424626,1.465081545,1.359999765
333,3.18,2.18,3.29,2.34,2,63,37,4,1,2,1,2,3,3,1,1,3,2,1,2,3,1,2,2,1,2,2,3,1,1,-0.042177748,-0.061757416,0.274273566,0.192496089,0.090708623
334,2.95,1.55,2.80,1.09,1,43,30,1,1,1,1,1,1,1,2,3,1,1,2,3,1,1,3,1,1,2,1,1,2,1,-0.379744265,-0.770945415,-0.41487915,-1.206245569,-0.6929536
335,3.71,3.23,3.64,3.24,1,42,36,4,1,2,2,2,2,2,1,2,1,3,1,2,2,1,2,2,2,2,3,2,1,1,0.747826206,1.120168593,0.76484099,1.197168818,0.957501152
336,2.78,0.92,2.62,0.59,2,42,36,2,1,1,2,1,1,2,2,2,1,3,2,2,2,1,2,2,1,1,4,3,1,1,-0.638407147,-1.480068628,-0.664812646,-1.761034217,-1.136080659
337,3.37,2.50,3.41,2.55,1,45,28,3,1,1,2,1,1,1,1,2,1,3,2,1,2,1,1,1,1,1,3,1,1,1,0.234170782,0.301582682,0.439749738,0.429859004,0.351340552
338,3.56,2.00,3.21,3.19,1,43,41,3,1,1,2,2,2,2,2,2,2,3,2,2,2,2,2,2,2,2,2,2,2,2,0.524240181,-0.264373304,0.162143869,1.141353666,0.390841103
339,0.82,0.49,0.87,0.47,1,47,38,2,1,1,2,2,1,2,3,2,1,3,2,2,1,1,3,4,1,1,2,2,2,1,-3.559931202,-1.96409547,-3.117649766,-1.894990581,-2.634166755
340,2.79,0.66,2.91,0.53,2,45,36,3,1,1,2,2,2,2,2,2,2,2,2,2,1,1,1,1,2,2,2,2,2,2,-0.616098895,-1.771238261,-0.255194135,-1.832314437,-1.118711432
341,1.28,0.52,0.86,0.42,2,46,34,3,1,1,1,2,3,2,1,1,2,2,1,1,2,2,3,2,1,1,3,2,1,1,-2.875105956,-1.926147252,-3.130071704,-1.952829099,-2.471038503
342,2.54,0.75,2.20,1.07,2,54,40,2,1,1,1,2,2,2,3,1,2,2,3,2,2,1,2,2,2,3,1,2,2,3,-0.996144786,-1.671428077,-1.253493555,-1.225208762,-1.286568795
343,3.39,2.35,3.27,2.30,2,57,37,4,1,2,1,3,2,3,2,2,1,2,2,2,2,2,2,3,1,1,3,1,1,1,0.270842686,0.129602033,0.246241142,0.147843968,0.198632457
344,2.89,1.97,3.11,2.18,1,44,39,4,1,2,2,2,2,2,2,2,1,3,3,2,1,1,2,3,1,2,2,2,2,2,-0.474444062,-0.298142618,0.021981748,0.013887604,-0.184179332
345,3.11,1.36,3.49,1.30,2,42,34,4,1,2,2,2,2,3,1,1,1,2,2,2,2,2,1,2,1,1,3,2,1,1,-0.152657957,-0.980867468,0.55264592,-0.962918728,-0.385949558
346,3.11,2.85,3.14,2.89,2,57,29,4,1,2,1,2,1,2,1,1,1,2,1,1,2,1,2,2,1,1,3,2,1,1,-0.146517893,0.692423942,0.064030384,0.806462756,0.354099797
347,3.16,2.16,3.24,2.11,2,55,32,3,1,1,2,2,1,1,3,2,1,3,2,1,1,2,2,1,1,2,2,1,1,1,-0.071989218,-0.084270293,0.204192506,-0.064253609,-0.004080153
348,3.55,0.76,3.33,0.77,2,45,31,3,1,1,1,2,2,2,1,1,2,2,1,1,2,2,2,2,1,1,2,2,1,1,0.506071983,-1.656941093,0.335917652,-1.559610647,-0.593640526
349,3.37,2.45,3.50,2.44,1,70,24,3,1,1,1,2,1,1,2,1,1,1,1,1,1,1,1,1,1,1,2,2,1,1,0.239428991,0.247744093,0.5709285,0.306722457,0.34120601
350,3.50,0.82,3.38,1.50,1,42,29,1,1,1,1,1,2,2,2,2,1,1,1,1,1,1,1,1,3,1,2,2,1,2,0.441802145,-1.593176207,0.401906035,-0.740627909,-0.372523984
351,2.92,2.30,3.35,2.87,2,64,33,2,1,1,1,2,1,2,2,1,1,2,2,1,2,2,3,2,1,1,3,2,1,1,-0.434757509,0.077822305,0.357845052,0.781624935,0.195633696
352,3.61,3.38,3.44,3.30,1,52,27,3,1,1,1,1,1,1,2,2,1,2,1,1,1,1,1,1,4,1,1,2,1,1,0.598768856,1.289015166,0.484516748,1.264147,0.909111942
353,3.62,1.99,3.25,1.90,2,41,35,3,1,1,2,2,2,1,2,2,2,2,2,2,2,1,2,1,1,2,2,2,2,1,0.606954887,-0.280087296,0.21899536,-0.299755967,0.061526746
354,2.81,1.37,2.95,1.55,1,48,32,3,1,1,1,2,1,1,2,2,2,2,2,1,2,1,2,2,1,1,3,2,1,1,-0.598710131,-0.968145582,-0.198275195,-0.690791279,-0.613980547
355,3.14,1.39,2.73,1.48,2,70,26,4,1,2,2,2,1,1,1,1,1,2,1,1,1,1,1,2,1,1,3,1,1,1,-0.101800688,-0.951016033,-0.510634312,-0.767524519,-0.582743888
356,3.29,1.99,3.21,1.94,1,41,37,2,1,1,2,2,1,2,2,2,1,3,2,2,2,2,1,2,2,2,3,1,1,2,0.121785337,-0.275629742,0.162143869,-0.254025124,-0.061431415
357,4.00,2.49,4.00,2.63,2,59,36,4,1,2,2,2,2,2,2,2,1,2,2,2,2,1,2,2,3,2,1,2,1,1,1.18009252,0.288599265,1.269424626,0.515247069,0.81334087
358,2.90,2.60,2.83,2.64,1,41,27,4,1,2,1,2,1,2,1,1,1,2,1,1,2,1,1,2,1,1,3,1,1,1,-0.459538327,0.411012987,-0.370472191,0.527386998,0.027097367
359,3.36,3.14,3.41,3.02,2,58,32,3,1,1,1,2,1,2,1,2,1,3,1,1,2,3,1,2,1,2,2,2,1,1,0.226125481,1.018860649,0.442468111,0.951582151,0.659759098
360,3.46,3.03,3.47,2.96,1,60,28,3,1,1,1,1,1,1,2,1,1,2,3,1,2,1,1,2,1,1,3,1,1,1,0.36957463,0.889636615,0.529368464,0.880152696,0.667183101
361,3.39,2.98,3.42,3.01,1,45,24,3,1,1,1,2,1,1,1,2,1,2,1,1,1,1,1,1,1,1,2,1,1,1,0.270842686,0.838757638,0.456484324,0.94041912,0.626625942
362,2.55,1.99,2.63,2.23,1,41,32,4,1,2,2,2,1,2,2,2,1,2,1,2,2,2,1,2,1,2,2,1,1,1,-0.981239051,-0.275629742,-0.650796434,0.069702755,-0.459490618
363,3.69,3.28,3.51,2.69,2,45,36,4,1,2,2,2,2,2,2,2,2,2,1,1,2,2,2,2,3,1,2,2,1,1,0.723977038,1.178842773,0.588937392,0.579015982,0.767693296
364,3.37,2.81,3.41,2.33,1,51,35,3,1,1,2,2,2,2,3,2,3,2,2,2,2,1,1,2,1,1,1,2,1,1,0.248230698,0.646190977,0.438540034,0.181226248,0.378546989
365,3.81,2.62,3.72,2.69,2,47,40,4,1,2,2,2,2,3,1,1,3,2,1,1,2,2,2,2,2,1,3,3,2,3,0.902286674,0.435214347,0.8780217,0.581946264,0.699367246
366,3.16,2.45,3.33,2.27,1,43,39,3,1,1,2,2,2,2,2,2,2,3,2,1,2,2,3,2,1,2,3,2,1,1,-0.07020508,0.237245824,0.336610726,0.113023054,0.154168631
367,3.69,2.76,3.56,3.00,1,60,27,4,1,2,1,1,1,1,1,1,3,2,1,1,2,1,1,2,1,1,2,2,1,1,0.718014736,0.591115998,0.652711293,0.92925609,0.722774529
368,3.83,2.74,4.00,2.88,2,49,24,5,1,2,2,2,1,2,1,1,1,1,1,1,1,1,1,2,1,1,1,1,1,1,0.926695025,0.568603122,1.269424626,0.795299726,0.890005625
369,2.94,1.42,2.78,1.25,1,50,40,4,1,2,2,2,1,2,3,2,1,2,2,2,2,3,3,3,1,2,3,2,1,1,-0.399915387,-0.917246718,-0.440553252,-1.024274216,-0.695497393
370,3.75,2.65,3.40,2.59,1,46,34,4,1,2,2,2,2,2,1,2,2,2,1,1,2,2,2,2,1,1,3,2,1,1,0.807449145,0.467295178,0.428451899,0.471571847,0.543692017
371,3.30,0.56,3.33,0.60,2,72,40,4,1,2,2,2,1,2,2,3,2,3,2,1,2,2,2,2,2,2,3,3,1,1,0.136691072,-1.885300402,0.330338415,-1.749871187,-0.792035526
372,1.05,0.67,0.73,0.52,1,51,40,4,1,2,2,2,2,2,2,2,2,2,2,2,2,2,2,2,2,2,2,2,2,2,-3.217099298,-1.761479582,-3.313876736,-1.839175429,-2.532907761
373,3.32,3.15,3.31,3.12,2,51,40,1,1,1,2,2,3,2,1,2,2,3,2,2,2,3,2,2,1,2,1,2,2,2,0.172236505,1.034935589,0.296266744,1.058927087,0.640591481
374,3.47,2.72,3.25,2.61,1,60,40,3,1,1,2,3,2,2,2,2,2,2,2,2,2,2,2,2,2,2,2,1,2,2,0.390088566,0.546090246,0.218208718,0.493897907,0.412071359
375,3.26,2.11,3.24,2.38,1,58,41,4,1,2,2,2,2,3,2,2,2,3,1,2,2,2,3,2,1,2,2,2,2,2,0.077068132,-0.140552484,0.204192506,0.23714821,0.094464091
376,3.54,2.96,3.61,3.05,1,41,23,3,1,1,1,1,1,1,1,1,1,1,2,1,1,1,1,1,1,1,2,1,2,1,0.500746607,0.816034936,0.726146631,0.983482555,0.756602682
377,3.58,3.36,3.48,3.14,2,42,29,4,1,2,1,2,1,2,2,2,1,2,2,2,1,1,1,1,2,1,2,1,1,1,0.552715662,1.262888242,0.546429642,1.080997093,0.86075766
378,3.76,3.49,3.62,3.33,1,64,25,1,1,1,1,2,1,2,1,1,1,2,1,1,1,1,1,1,1,1,2,2,1,1,0.828975603,1.418352432,0.735726689,1.295692331,1.069686764
379,3.41,0.52,3.21,0.76,1,43,30,4,1,2,1,1,1,2,2,2,1,2,2,2,2,1,1,2,1,1,2,2,1,1,0.300654156,-1.930326155,0.162143869,-1.571262702,-0.759697708
380,3.03,2.37,2.86,2.35,2,41,22,4,1,2,1,1,1,1,1,1,1,1,2,1,1,1,1,2,1,1,1,1,1,1,-0.265763773,0.152114909,-0.328423555,0.203659119,-0.059603325
381,3.23,2.45,3.19,2.31,2,61,24,3,1,1,1,1,1,2,1,1,1,1,1,1,2,1,1,1,1,1,2,2,1,1,0.034800948,0.245214128,0.131298461,0.157257813,0.142142837
382,3.60,3.13,3.57,3.09,1,45,40,4,1,2,2,2,2,2,2,2,2,2,2,2,2,2,2,2,2,2,2,2,2,2,0.583863121,1.007604211,0.666727505,1.029723363,0.82197955
383,2.87,0.85,2.80,0.84,2,50,41,3,1,1,2,1,1,1,4,3,1,1,4,4,1,1,1,1,3,4,1,1,3,3,-0.504255532,-1.558863695,-0.412520828,-1.481958459,-0.989399629
384,3.91,3.13,3.84,3.20,2,52,24,3,1,1,1,1,1,1,1,2,1,1,2,1,1,1,1,1,1,1,3,1,1,1,1.039822093,1.002324879,1.045038127,1.153534497,1.060179899
385,3.32,3.01,3.49,3.16,2,44,30,4,1,2,1,3,2,2,2,2,1,1,1,1,2,1,1,3,1,1,1,2,1,1,0.166502542,0.872526953,0.554597808,1.107864575,0.67537297
386,3.53,2.40,3.19,1.66,2,69,27,3,1,1,1,1,1,2,2,1,1,2,1,1,1,1,1,1,1,1,3,3,1,1,0.479522976,0.185884224,0.134111445,-0.566589973,0.058232168
387,1.31,0.72,0.96,0.72,1,46,73,3,2,1,2,4,4,4,3,3,4,4,4,3,4,4,4,4,3,4,4,4,3,4,-2.831786149,-1.708715077,-2.993781523,-1.616333441,-2.287654048
388,3.16,2.79,2.98,2.21,1,49,67,3,2,1,3,3,4,3,3,3,4,4,3,3,3,4,4,4,3,3,3,4,3,3,-0.071989218,0.624885313,-0.16022901,0.047376695,0.110010945
389,2.80,2.04,2.87,1.48,2,46,54,3,2,1,3,2,3,2,3,3,3,3,3,3,2,3,3,2,2,3,3,4,2,2,-0.604288182,-0.214932835,-0.313202811,-0.767522501,-0.474986582
390,3.17,2.74,2.46,2.03,1,44,56,4,2,2,2,3,2,3,3,3,3,3,3,3,3,3,2,3,3,3,4,3,2,2,-0.057083483,0.568603122,-0.88907204,-0.153557851,-0.132777563
391,3.62,0.92,2.82,0.83,1,45,71,5,2,2,3,3,3,4,3,4,4,4,4,4,4,4,4,4,3,3,3,4,3,3,0.613674591,-1.480068628,-0.384488403,-1.493121489,-0.686000982
392,3.30,2.22,3.23,2.32,2,59,45,2,2,1,2,3,1,2,4,2,2,3,2,2,3,1,2,3,3,2,2,4,1,1,0.134157138,-0.02050256,0.194013289,0.168816594,0.119121115
393,3.90,2.65,3.75,2.93,1,41,55,5,2,2,2,3,2,3,3,3,3,2,2,2,4,2,4,3,3,3,4,3,2,2,1.027867807,0.464199587,0.924625736,0.850277653,0.816742696
394,2.97,1.93,3.12,2.46,1,44,68,3,2,1,3,4,3,4,4,3,4,4,3,3,4,4,3,4,3,3,4,4,2,2,-0.348886584,-0.346942848,0.031279618,0.327443894,-0.08427648
395,3.19,1.25,3.33,0.80,2,50,55,1,2,1,1,2,3,1,4,3,2,2,4,4,2,1,3,2,3,3,4,4,4,3,-0.023541144,-1.103775697,0.329719754,-1.530521204,-0.582029573
396,3.27,2.02,3.43,2.26,2,52,42,2,2,1,1,2,2,3,2,2,2,3,1,2,3,3,3,3,1,1,3,3,1,1,0.091474529,-0.243271025,0.472963815,0.106797334,0.106991163
397,3.38,2.57,3.12,2.54,1,68,56,4,2,2,2,4,3,3,3,3,3,3,3,3,3,2,3,3,3,3,2,3,2,2,0.255936951,0.377243673,0.03599796,0.415756695,0.27123382
398,3.30,2.71,3.31,2.67,1,42,49,4,2,2,2,3,2,2,2,2,4,4,2,2,4,2,3,2,1,3,2,4,1,2,0.135435442,0.536739577,0.304206684,0.560648619,0.38425758
399,3.31,2.71,3.47,2.68,1,42,44,3,2,1,2,2,2,2,2,2,2,3,2,3,3,2,3,2,2,2,2,3,1,2,0.154800476,0.534500261,0.526178118,0.573015689,0.447123636
400,3.23,2.51,3.10,2.45,2,42,43,3,2,1,2,1,2,1,2,3,2,3,3,2,1,3,4,1,2,2,2,3,2,2,0.032350927,0.309705044,0.007965536,0.315289422,0.166327732
401,0.80,0.63,0.93,0.57,2,41,55,5,2,2,2,4,3,4,3,2,3,3,2,2,2,3,3,4,2,2,4,3,2,2,-3.591950633,-1.80314744,-3.031866249,-1.782091229,-2.552263887
402,2.84,1.79,2.94,1.37,2,57,57,3,2,1,2,3,3,4,2,2,2,3,3,2,3,3,4,3,3,3,4,4,2,2,-0.547351975,-0.496783655,-0.210284353,-0.893296968,-0.536929238
403,3.33,2.72,3.35,2.80,1,52,63,4,2,2,3,4,3,3,3,3,3,4,3,3,4,4,4,4,3,2,3,3,2,2,0.174597297,0.541612183,0.3570016,0.702229179,0.443860065
404,2.70,2.09,2.79,2.27,2,60,71,1,2,1,3,4,2,4,3,3,4,4,4,3,4,4,4,4,3,4,4,4,3,3,-0.757653027,-0.16306536,-0.42653704,0.114354877,-0.308225138
405,3.72,3.04,3.55,3.07,2,58,44,3,2,1,2,3,2,2,2,3,2,3,2,2,2,2,2,2,3,2,1,3,2,2,0.764743081,0.907296724,0.63394943,1.006900597,0.828222458
406,3.14,1.72,3.18,1.87,2,52,68,5,2,2,3,4,4,4,3,3,4,3,2,3,4,4,4,4,3,3,3,4,3,3,-0.107369698,-0.584984902,0.125050771,-0.333856899,-0.225290182
407,3.52,1.73,3.34,1.75,1,53,48,2,2,1,2,3,3,2,3,2,2,3,1,3,3,3,1,2,3,2,1,3,3,3,0.464617241,-0.568297135,0.344354627,-0.4661227,-0.056361992
408,3.70,3.34,3.75,3.51,1,42,48,3,2,1,2,4,2,3,2,3,1,2,1,2,2,2,3,4,4,3,3,3,1,1,0.732920471,1.243989413,0.919019323,1.498570636,1.098624961
409,3.24,3.03,3.22,2.88,2,43,56,5,2,2,2,3,2,4,2,3,3,4,2,3,3,4,4,4,2,3,2,3,1,2,0.047256662,0.895039829,0.176160081,0.795299726,0.478439075
410,3.66,3.30,3.75,3.16,1,48,56,4,2,2,2,4,3,4,2,2,3,3,2,2,3,2,3,3,3,2,4,3,3,3,0.680042424,1.196149701,0.92147215,1.109483113,0.976786847
411,3.50,3.19,3.38,2.85,2,53,49,4,2,2,2,3,3,3,3,3,3,4,1,2,2,3,2,3,2,2,1,3,2,2,0.433959966,1.079589063,0.406036408,0.761161661,0.670186775
412,3.44,2.92,3.36,2.49,1,44,51,3,2,1,3,2,3,2,3,3,3,3,3,2,2,2,3,2,2,3,3,3,2,2,0.347420925,0.77276681,0.366254838,0.357569383,0.461002989
413,3.31,1.88,2.72,1.63,1,65,48,3,2,1,2,3,2,2,3,2,2,3,2,2,2,3,3,2,3,2,3,3,2,2,0.151596807,-0.399450562,-0.524650525,-0.600079064,-0.343145836
414,3.21,1.55,2.97,1.67,1,55,47,5,2,2,2,3,2,3,3,3,3,2,2,2,1,3,3,3,2,2,2,2,2,2,-0.003408133,-0.769959139,-0.168918137,-0.559149195,-0.375358651
415,3.34,2.89,2.81,2.25,1,44,66,4,2,2,2,4,4,3,4,4,3,4,3,3,3,4,4,4,3,3,2,3,3,3,0.196314012,0.737449695,-0.398504615,0.092028816,0.156821977
416,2.92,1.89,2.10,1.11,1,44,51,2,2,1,2,3,3,3,2,2,3,3,2,2,3,3,3,3,2,2,3,3,2,2,-0.429726857,-0.388194124,-1.393655676,-1.180556641,-0.848033324
417,2.64,1.08,3.01,1.25,1,42,65,4,2,2,2,4,3,4,3,3,4,3,2,3,4,4,4,4,3,3,3,3,3,3,-0.847087437,-1.299965617,-0.118180373,-1.024274216,-0.822376911
418,3.62,2.41,3.15,2.31,1,42,62,5,2,2,2,4,3,3,2,3,3,3,3,3,4,3,4,4,3,3,4,4,2,2,0.613674591,0.197140662,0.078046596,0.159006998,0.261967212
419,2.95,2.01,3.14,2.19,2,62,46,4,2,2,2,3,2,3,2,2,2,3,2,2,2,3,3,2,2,2,3,3,1,2,-0.385009652,-0.253116866,0.064030384,0.025050634,-0.137261375
420,4.00,3.56,4.00,3.56,1,49,48,4,2,2,2,3,2,2,1,2,2,3,2,2,2,3,3,3,3,3,2,3,3,2,1.18009252,1.491631053,1.269424626,1.554385788,1.373883497
421,3.68,3.28,3.54,3.10,2,62,47,2,2,1,2,3,2,3,1,2,2,3,2,2,3,3,3,3,2,2,2,3,2,2,0.710282454,1.181319063,0.625695034,1.043077212,0.890093441
422,3.43,2.13,3.45,1.29,2,57,55,3,2,1,2,4,3,2,4,3,4,2,1,3,3,1,3,3,4,2,3,4,2,2,0.330465626,-0.118039607,0.49853296,-0.979622095,-0.067165779
423,4.00,2.05,4.00,2.45,2,55,49,4,2,2,2,3,2,3,2,3,3,4,2,3,2,3,3,2,1,3,1,3,2,2,1.18009252,-0.208091113,1.269424626,0.315289422,0.639178864
424,3.71,2.37,3.65,2.45,2,62,57,5,2,2,2,4,4,4,3,2,3,2,3,2,3,3,3,4,2,3,2,3,3,2,0.754906506,0.147893788,0.779207549,0.311800816,0.498452165
425,3.20,0.48,3.02,0.85,1,41,47,2,2,1,2,3,3,2,2,2,3,3,1,1,4,2,3,2,3,2,2,2,2,3,-0.012232939,-1.974659682,-0.097735042,-1.465765217,-0.88759822
426,3.57,3.27,3.56,3.29,1,51,46,3,2,1,2,2,2,2,2,2,2,3,2,2,2,2,3,3,2,3,4,2,2,2,0.539145916,1.165194346,0.652711293,1.252983969,0.902508881
427,3.09,1.60,3.42,0.61,2,45,65,4,2,2,3,4,4,3,4,4,3,4,4,3,2,3,3,2,2,3,4,4,3,3,-0.176329363,-0.714630831,0.456484324,-1.738708157,-0.543296007
428,3.07,1.95,3.03,1.68,2,53,56,5,2,2,2,4,3,3,3,3,3,3,3,2,3,2,3,4,2,3,2,3,3,2,-0.206886165,-0.324454549,-0.090848749,-0.540775444,-0.290741227
429,3.63,3.30,3.77,3.46,1,43,48,3,2,1,2,2,3,2,3,2,3,2,2,2,2,2,4,2,2,3,3,3,2,2,0.635958549,1.199399715,0.948330599,1.446746141,1.057608751
430,3.08,0.87,2.99,0.65,2,45,59,3,2,1,2,4,4,3,3,1,4,3,4,3,4,3,2,4,1,4,4,2,2,2,-0.196567695,-1.539192428,-0.141241299,-1.692738167,-0.892434897
431,2.58,0.76,2.65,0.84,2,41,55,3,2,1,1,2,3,3,3,2,3,3,2,3,4,3,4,3,1,3,2,3,3,4,-0.942083664,-1.660557907,-0.621697865,-1.481493795,-1.176458308
432,3.39,1.13,2.98,1.68,2,50,56,4,2,2,2,2,3,2,3,3,3,3,3,3,3,3,3,2,2,3,4,3,3,3,0.273861089,-1.245104608,-0.157548585,-0.54711055,-0.418975664
433,3.43,2.79,3.47,2.83,2,70,46,4,2,2,3,3,3,3,3,2,2,3,1,2,1,2,3,4,3,2,1,3,1,1,0.324958751,0.625828069,0.525725315,0.740390987,0.55422578
434,3.27,2.08,2.99,1.96,1,74,45,3,2,1,2,3,2,1,3,3,2,2,2,3,1,2,2,1,2,2,3,3,3,3,0.091973867,-0.174321798,-0.146212797,-0.231699063,-0.115064948
435,3.99,3.32,3.90,3.34,2,55,67,5,2,2,2,4,4,4,4,2,4,3,3,3,4,4,4,4,3,3,2,4,3,3,1.165186785,1.221476537,1.129262505,1.308799121,1.206181237
436,3.09,2.91,3.11,3.13,1,50,58,5,2,2,2,3,4,3,3,3,3,4,2,2,4,3,3,3,3,3,1,3,3,3,-0.176329363,0.759962571,0.021981748,1.074375484,0.41999761
437,4.00,3.95,3.94,3.83,1,61,64,3,2,1,3,3,3,1,3,3,4,4,4,4,1,4,4,1,4,4,4,4,4,2,1.18009252,1.926270307,1.180421781,1.861229437,1.537003511
438,2.29,1.16,2.14,1.39,2,62,66,2,2,1,3,3,4,3,3,3,4,3,3,3,3,4,4,4,3,3,4,3,3,3,-1.36806182,-1.206734315,-1.341743108,-0.864503414,-1.195260664
439,3.17,0.93,3.02,1.69,2,58,54,2,2,1,1,3,3,4,3,2,3,3,2,2,3,2,4,3,2,3,4,3,2,2,-0.049742631,-1.468671553,-0.105478154,-0.527868361,-0.537940175
440,3.03,2.15,3.36,2.15,2,61,45,4,2,2,1,3,3,3,2,2,2,2,2,2,2,3,3,2,2,2,2,3,2,2,-0.265763773,-0.095526731,0.372387051,-0.019601487,-0.002126235
441,2.48,0.98,3.17,1.34,2,47,67,4,2,2,2,3,4,3,4,3,4,4,2,3,4,4,4,3,3,3,3,4,4,3,-1.083902483,-1.408562196,0.105921064,-0.921672138,-0.827053938
442,2.86,1.60,1.72,0.68,2,45,58,3,2,1,2,4,3,4,3,2,3,3,2,2,4,3,3,4,2,2,4,4,2,2,-0.519161267,-0.714630831,-1.926271736,-1.660566944,-1.205157695
443,3.46,2.73,3.13,2.72,2,50,74,3,2,1,3,4,4,4,4,2,4,4,3,4,4,4,4,4,4,4,4,4,3,3,0.375182831,0.557346684,0.050014172,0.616691241,0.399808732
444,3.44,3.17,3.17,3.02,2,55,54,4,2,2,2,3,3,3,3,3,3,4,3,3,3,3,2,3,2,2,2,3,2,2,0.340754344,1.053156869,0.111127472,0.947770633,0.613202329
445,3.37,2.54,3.41,2.57,1,59,57,4,2,2,3,4,2,3,3,2,3,3,3,2,3,3,3,3,3,3,4,3,2,2,0.241031216,0.343474358,0.442468111,0.449245786,0.369054868
446,3.39,2.57,3.42,3.20,1,51,62,4,2,2,3,3,4,4,4,3,3,4,3,2,3,4,3,4,2,2,4,3,2,2,0.270852083,0.379745921,0.454024252,1.152638113,0.564315092
447,3.23,2.26,2.98,2.28,1,42,53,3,2,1,3,2,2,2,3,3,2,3,2,3,2,3,4,2,3,3,3,3,3,2,0.032350927,0.028294089,-0.16022901,0.125517907,0.006483478
448,3.48,2.23,3.02,1.58,2,48,65,3,2,1,2,4,3,3,3,3,3,3,3,3,4,3,4,4,3,3,4,4,3,3,0.409979251,-0.001401012,-0.110700268,-0.652751899,-0.088718482
449,3.53,2.99,3.11,2.56,2,44,44,5,2,2,1,3,2,3,2,2,2,3,2,2,3,1,3,3,2,2,3,3,1,1,0.479522976,0.850014077,0.021981748,0.438082756,0.447400389
450,3.51,1.78,2.21,1.06,1,42,52,4,2,2,2,3,2,3,3,3,2,4,2,2,4,3,2,3,1,2,4,3,2,2,0.456735941,-0.507442145,-1.240090496,-1.238116053,-0.632228188
451,3.09,2.29,2.88,1.75,2,47,61,4,2,2,3,3,4,3,3,3,3,3,3,3,3,3,4,3,2,3,3,3,3,3,-0.176490478,0.057895775,-0.305642826,-0.463904894,-0.222035606
452,3.74,3.30,3.68,3.15,2,42,46,3,2,1,2,2,3,2,2,3,2,2,2,2,3,2,2,2,2,2,4,3,2,2,0.79589715,1.195305395,0.827913864,1.09530624,0.978605662
453,2.38,0.48,2.15,0.82,2,50,53,4,2,2,2,4,3,3,3,3,3,2,3,2,4,3,2,3,3,2,1,2,2,3,-1.232361585,-1.976026647,-1.322954591,-1.500189118,-1.507882985
454,3.18,2.88,3.24,2.80,2,68,66,3,2,1,2,3,4,4,3,3,4,4,4,3,2,3,3,4,3,3,4,4,3,3,-0.042177748,0.726193257,0.204192506,0.705995484,0.398550874
455,3.00,0.85,3.05,0.92,2,62,46,4,2,2,3,2,3,3,3,2,2,2,2,2,3,2,2,3,2,2,2,2,2,2,-0.313926035,-1.562367296,-0.067970963,-1.393834029,-0.834524581
456,3.88,1.98,4.00,2.50,1,47,45,4,2,2,2,3,2,3,3,2,2,2,1,2,2,1,4,2,2,3,3,2,2,2,1.0012237,-0.28688618,1.269424626,0.371104574,0.58871668
457,3.06,1.65,2.76,1.60,1,57,64,3,2,1,3,3,3,4,3,3,4,4,3,3,4,3,4,4,2,3,1,4,3,3,-0.221046568,-0.65834864,-0.468585676,-0.633568155,-0.49538726
458,3.36,2.92,2.94,2.50,2,57,62,4,2,2,3,3,3,3,3,3,3,4,3,3,4,3,4,3,2,3,4,3,3,2,0.226125481,0.771219009,-0.216293858,0.371104574,0.288038802
459,3.42,3.23,3.23,2.89,2,51,58,5,2,2,2,4,3,3,3,3,3,3,3,2,2,3,4,4,2,3,3,3,3,2,0.314055324,1.124441135,0.187997515,0.802702743,0.607299179
460,2.45,0.57,2.41,0.71,2,58,48,4,2,2,2,3,2,3,2,2,3,3,2,2,3,2,3,4,2,1,3,4,1,1,-1.130296401,-1.874043964,-0.9591531,-1.627077853,-1.39764283
461,2.95,1.50,3.01,1.80,2,59,60,4,2,2,2,4,3,4,3,3,4,3,2,2,4,3,4,4,2,2,3,4,2,2,-0.379322073,-0.831605007,-0.115758304,-0.408790162,-0.433868887
462,3.47,2.80,3.09,2.18,1,42,52,4,2,2,2,3,2,3,3,3,3,3,3,3,3,3,2,3,2,2,3,2,2,2,0.389788668,0.640618988,-0.002945331,0.015752573,0.260803724
463,3.34,2.82,3.24,3.09,1,42,51,4,2,2,2,3,2,2,3,3,2,3,3,2,3,3,3,3,2,2,3,3,2,2,0.201627887,0.659512277,0.20913727,1.025191043,0.523867119
464,3.50,3.52,3.57,3.56,1,43,46,4,2,2,2,3,3,3,3,3,2,3,3,3,2,1,2,1,2,2,2,2,2,2,0.434805771,1.4466053,0.666727505,1.554385788,1.025631091
465,2.97,2.33,3.09,2.66,2,43,42,3,2,1,2,2,2,3,2,2,2,3,2,2,2,2,2,3,1,1,3,2,2,2,-0.348840029,0.105352688,-0.001391429,0.55263705,0.07693957
466,3.41,1.23,3.21,2.15,1,43,51,5,2,2,2,2,3,3,3,2,1,2,4,4,2,2,3,2,3,3,2,2,3,3,0.297143837,-1.132990397,0.160178988,-0.023744497,-0.174853017
467,3.27,2.59,3.15,2.36,1,55,63,5,2,2,3,4,2,3,4,3,3,4,3,3,4,3,3,4,3,3,4,3,2,2,0.092924126,0.398504218,0.073964478,0.211361584,0.194188601
468,3.34,2.96,3.34,2.89,2,58,56,3,2,1,2,3,3,2,3,2,3,3,3,3,3,4,4,2,2,3,4,3,2,2,0.196314012,0.816244762,0.344354627,0.806462756,0.540844039
469,3.10,2.37,2.97,2.11,2,43,56,2,2,1,2,3,2,3,3,2,4,2,2,1,3,4,4,4,3,2,3,4,2,3,-0.15828505,0.150329285,-0.169670025,-0.061551531,-0.05979433
470,3.30,1.83,3.22,1.40,2,43,66,4,2,2,3,3,4,3,3,3,4,4,3,3,4,3,3,3,3,3,4,4,3,3,0.136691072,-0.455732753,0.176160081,-0.856828761,-0.24992759
471,3.09,2.04,3.15,2.05,2,52,51,3,2,1,2,3,2,3,3,3,3,3,2,2,3,3,3,2,2,2,3,3,2,2,-0.181967601,-0.223014393,0.083097414,-0.125884677,-0.111942314
472,0.77,0.82,2.08,0.74,2,43,52,5,2,2,3,3,2,2,2,2,4,4,3,2,3,2,2,3,3,2,2,2,4,2,-3.634459877,-1.59263301,-1.4216881,-1.593588762,-2.060592437
473,2.62,1.91,3.30,2.91,2,47,49,4,2,2,1,3,3,3,3,3,3,3,1,1,2,3,3,2,2,3,2,3,2,3,-0.881930553,-0.370933909,0.281672427,0.832021273,-0.034792691
474,3.38,1.71,3.53,1.62,2,53,60,4,2,2,2,3,3,4,3,3,3,3,2,2,3,3,3,4,3,3,3,4,3,3,0.254297397,-0.587756807,0.61329055,-0.614646779,-0.08370391
475,3.50,3.17,3.51,3.15,1,46,59,4,2,2,2,3,3,3,3,2,3,3,2,3,3,3,4,3,3,3,3,4,3,3,0.434805771,1.052629964,0.582630233,1.096701545,0.791691878
476,3.46,0.97,2.97,0.97,1,41,54,4,2,2,2,3,3,3,3,3,2,2,3,3,2,3,3,3,2,3,3,3,2,3,0.375182831,-1.423786437,-0.174245222,-1.336839065,-0.639921973
477,3.21,2.81,3.22,2.62,2,47,58,4,2,2,2,4,3,4,2,2,3,4,3,3,2,2,4,4,3,3,1,3,3,3,0.002539457,0.647398189,0.176160081,0.505060938,0.332789666
478,3.16,2.32,3.06,1.40,1,47,69,4,2,2,3,4,4,4,3,3,4,4,2,3,4,4,4,4,3,3,4,4,3,2,-0.071989218,0.095832718,-0.048099313,-0.856828761,-0.220271143
479,3.32,2.97,3.39,2.99,2,50,51,4,2,2,2,4,2,2,3,3,1,1,2,2,2,3,4,3,3,3,4,3,2,2,0.164900032,0.828753467,0.40793551,0.921316381,0.580726348
480,2.50,1.14,2.00,1.30,2,52,60,3,2,1,2,2,3,1,4,3,4,4,3,3,1,4,4,4,2,3,3,4,3,3,-1.055767726,-1.232426988,-1.533817797,-0.968459064,-1.197617894
481,3.45,2.75,3.58,3.28,1,60,66,4,2,2,3,2,3,3,4,3,4,4,4,4,2,4,3,3,4,4,4,4,2,2,0.363502245,0.575971889,0.682212633,1.238464256,0.715037756
482,3.42,2.38,3.36,2.95,2,66,46,3,2,1,2,2,2,2,2,2,3,3,2,2,3,3,3,2,1,2,4,3,2,1,0.315559891,0.163371347,0.372387051,0.873440938,0.431189807
483,3.46,1.93,3.23,2.30,2,68,51,3,2,1,1,3,3,3,3,2,2,2,4,2,3,2,3,3,2,3,3,3,2,2,0.375182831,-0.343168371,0.190176293,0.147843968,0.09250868
484,3.38,2.87,3.18,2.54,1,42,43,3,2,1,2,3,2,3,2,2,2,3,2,2,2,2,2,2,2,2,2,2,2,2,0.253222371,0.713590255,0.119722056,0.412857775,0.374848114
485,3.40,1.61,3.46,1.74,1,45,43,4,2,2,2,3,2,3,2,3,2,2,2,2,2,2,2,3,1,2,1,2,2,3,0.285748421,-0.703374393,0.512549172,-0.47728573,-0.095590632
486,1.14,0.94,1.27,0.92,2,46,58,5,2,2,2,3,3,4,3,2,3,3,2,2,4,4,4,4,2,2,3,4,2,2,-3.082947683,-1.457555751,-2.557001281,-1.392654217,-2.122539733
487,1.50,1.28,1.71,1.53,1,44,45,1,2,1,3,2,3,2,3,2,1,2,2,2,1,3,3,2,2,2,3,3,2,2,-2.550338898,-1.0703604,-1.94366404,-0.708048009,-1.568102837
488,3.56,0.85,3.54,1.92,2,59,60,2,2,1,2,3,3,3,3,3,3,4,3,3,3,3,3,3,3,3,4,3,3,2,0.519805659,-1.561396452,0.621349789,-0.279644407,-0.174971353
489,3.43,2.81,3.34,2.65,1,46,42,3,2,1,2,3,2,2,2,2,2,3,2,2,2,1,2,3,2,2,4,2,1,1,0.330465626,0.647398189,0.344354627,0.538550029,0.465192118
490,3.66,2.84,3.63,2.83,2,53,47,4,2,2,2,2,3,2,2,3,3,4,2,2,2,2,4,2,2,2,1,3,2,2,0.673297531,0.681167504,0.750824778,0.739484575,0.711193597
491,0.39,0.30,0.32,0.21,1,41,51,4,2,2,3,3,2,3,2,2,2,3,3,2,3,3,3,3,2,2,4,3,2,1,-4.200877806,-2.177967795,-3.888541432,-2.185229369,-3.113154101
492,3.36,2.41,3.10,1.51,2,49,45,4,2,2,2,2,1,3,2,3,2,3,2,2,2,1,3,3,1,3,3,3,2,2,0.226125481,0.197140662,0.007965536,-0.734035428,-0.075700937
493,3.43,1.96,3.42,1.61,2,41,44,4,2,2,2,2,2,3,2,2,1,3,4,2,2,1,2,3,1,2,4,2,2,2,0.330465626,-0.309399056,0.456484324,-0.622405125,-0.036213558
494,4.00,2.72,4.00,2.49,2,57,54,2,2,1,3,1,3,2,3,2,2,3,4,3,3,3,3,2,4,3,1,4,2,3,1.18009252,0.541742344,1.269424626,0.364671792,0.838982821
495,3.76,3.32,3.58,3.22,1,52,43,3,2,1,2,2,2,1,3,3,3,2,3,3,2,2,1,1,2,3,2,3,1,2,0.814937366,1.226715667,0.674923327,1.171790345,0.972091676
496,4.00,3.64,4.00,3.41,2,62,50,5,2,2,1,4,3,4,2,2,2,3,2,2,3,3,3,3,3,2,2,2,2,2,1.18009252,1.584074429,1.269424626,1.384986641,1.354644554
497,3.70,3.33,3.79,3.39,1,46,60,3,2,1,3,3,3,2,2,2,3,3,3,3,4,3,4,3,2,3,4,4,3,3,0.732920471,1.232732975,0.975084172,1.364614272,1.076337972
498,2.51,0.94,2.51,0.98,2,44,46,4,2,2,2,3,2,3,3,2,2,2,2,2,2,2,2,3,2,3,3,2,2,2,-1.043382008,-1.462385487,-0.81209601,-1.320382009,-1.159561379
499,3.45,2.53,3.46,2.76,1,56,42,3,2,1,2,2,3,3,2,2,2,3,1,1,2,2,3,3,1,2,3,3,1,1,0.360277096,0.33221792,0.512549172,0.661343362,0.466596888
500,2.72,0.86,2.81,0.83,2,50,52,2,2,1,2,3,3,3,3,2,3,3,2,3,3,4,3,3,2,2,2,2,2,2,-0.727841557,-1.547607257,-0.398504615,-1.493121489,-1.04176873
501,3.17,1.64,3.12,1.49,1,47,77,3,2,1,3,4,4,4,4,3,4,4,4,4,3,4,4,4,4,4,4,4,4,4,-0.052761943,-0.666971939,0.029447015,-0.751497368,-0.360446059
502,3.42,1.07,3.35,1.65,2,75,73,5,2,2,3,4,4,4,3,4,4,4,2,3,4,4,4,4,4,4,3,4,3,4,0.315559891,-1.311222055,0.358370839,-0.577753003,-0.303761082
503,1.82,1.47,1.73,1.41,1,54,43,4,2,2,2,3,2,3,2,2,2,3,3,2,2,1,2,2,2,2,4,2,1,1,-2.073829556,-0.856743503,-1.905597778,-0.845386713,-1.420389387
